{
  "params": {
    "n_estimators": 339,
    "max_depth": 13,
    "learning_rate": 0.039045047545003944,
    "subsample": 0.738930857679751,
    "colsample_bytree": 0.7313863863536081,
    "colsample_bylevel": 0.9061023254785614,
    "min_child_weight": 1,
    "gamma": 1.1017419133264406,
    "reg_alpha": 2.6913541606225038,
    "reg_lambda": 0.8328747129296471,
    "objective": "multi:softprob",
    "num_class": 7,
    "eval_metric": "mlogloss",
    "device": "cuda",
    "tree_method": "hist",
    "random_state": 42
  },
  "score": 0.8530574898944959,
  "reports": [
    {
      "0": {
        "precision": 0.5105774728416238,
        "recall": 0.7736066993935894,
        "f1-score": 0.6151549942594718,
        "support": 3463.0
      },
      "1": {
        "precision": 0.9999332962757087,
        "recall": 0.9994296000533361,
        "f1-score": 0.99968138471684,
        "support": 1079944.0
      },
      "2": {
        "precision": 0.9986206572254833,
        "recall": 0.9996665712145045,
        "f1-score": 0.9991433405015673,
        "support": 254927.0
      },
      "3": {
        "precision": 0.9998324958123953,
        "recall": 0.9999097984639967,
        "f1-score": 0.9998711456440785,
        "support": 77604.0
      },
      "4": {
        "precision": 0.9560443213296399,
        "recall": 0.9126806152023524,
        "f1-score": 0.9338593415156828,
        "support": 94538.0
      },
      "5": {
        "precision": 0.919374683361077,
        "recall": 0.8960129785395616,
        "f1-score": 0.9075435134000732,
        "support": 56709.0
      },
      "6": {
        "precision": 0.4996310643792658,
        "recall": 0.8175369755508602,
        "f1-score": 0.6202198305472865,
        "support": 6626.0
      },
      "accuracy": 0.9892915985464582,
      "macro avg": {
        "precision": 0.8405734273178849,
        "recall": 0.9141204626311714,
        "f1-score": 0.8679247929407143,
        "support": 1573811.0
      },
      "weighted avg": {
        "precision": 0.9909934262705827,
        "recall": 0.9892915985464582,
        "f1-score": 0.9898859939085384,
        "support": 1573811.0
      }
    },
    {
      "0": {
        "precision": 0.49394586894586895,
        "recall": 0.8008083140877598,
        "f1-score": 0.6110132158590308,
        "support": 3464.0
      },
      "1": {
        "precision": 0.9999833228637979,
        "recall": 0.9994073766787908,
        "f1-score": 0.9996952668175204,
        "support": 1079944.0
      },
      "2": {
        "precision": 0.9982102365072589,
        "recall": 0.9998313242614553,
        "f1-score": 0.9990201227590207,
        "support": 254927.0
      },
      "3": {
        "precision": 0.9999871120734096,
        "recall": 0.9998324828617081,
        "f1-score": 0.9999097914894713,
        "support": 77604.0
      },
      "4": {
        "precision": 0.9611076923076923,
        "recall": 0.9086187564788762,
        "f1-score": 0.9341264619684307,
        "support": 94538.0
      },
      "5": {
        "precision": 0.9179668476398334,
        "recall": 0.897457148903153,
        "f1-score": 0.9075961444150193,
        "support": 56708.0
      },
      "6": {
        "precision": 0.4905609492988134,
        "recall": 0.8235738001811047,
        "f1-score": 0.6148732394366198,
        "support": 6626.0
      },
      "accuracy": 0.9891924760978288,
      "macro avg": {
        "precision": 0.8373945756623822,
        "recall": 0.9185041719218354,
        "f1-score": 0.8666048918207305,
        "support": 1573811.0
      },
      "weighted avg": {
        "precision": 0.9911472716772719,
        "recall": 0.9891924760978288,
        "f1-score": 0.9898635967118157,
        "support": 1573811.0
      }
    },
    {
      "0": {
        "precision": 0.5125,
        "recall": 0.793013856812933,
        "f1-score": 0.6226201269265639,
        "support": 3464.0
      },
      "1": {
        "precision": 0.9999295933832603,
        "recall": 0.9994657135317077,
        "f1-score": 0.9996975996450848,
        "support": 1079945.0
      },
      "2": {
        "precision": 0.9989181095139724,
        "recall": 0.9996312669901579,
        "f1-score": 0.9992745610113796,
        "support": 254927.0
      },
      "3": {
        "precision": 0.9998324936540866,
        "recall": 0.9999097973016507,
        "f1-score": 0.9998711439837126,
        "support": 77603.0
      },
      "4": {
        "precision": 0.9570140794787693,
        "recall": 0.9073705811419747,
        "f1-score": 0.9315313945659492,
        "support": 94538.0
      },
      "5": {
        "precision": 0.9176757195705134,
        "recall": 0.8967517810538196,
        "f1-score": 0.9070931031099775,
        "support": 56708.0
      },
      "6": {
        "precision": 0.48487544483985767,
        "recall": 0.822517355870812,
        "f1-score": 0.6100973916937199,
        "support": 6626.0
      },
      "accuracy": 0.9890819164435882,
      "macro avg": {
        "precision": 0.8386779200629227,
        "recall": 0.9169514789575794,
        "f1-score": 0.867169331562341,
        "support": 1573811.0
      },
      "weighted avg": {
        "precision": 0.9909779503918,
        "recall": 0.9890819164435882,
        "f1-score": 0.9897359357368194,
        "support": 1573811.0
      }
    }
  ]
}