{
  "params": {
    "n_estimators": 898,
    "max_depth": 14,
    "learning_rate": 0.07188906755821395,
    "subsample": 0.6015341171595067,
    "colsample_bytree": 0.9582647714695365,
    "colsample_bylevel": 0.562021003336217,
    "min_child_weight": 18,
    "gamma": 0.008605531345919182,
    "reg_alpha": 0.8252082344602338,
    "reg_lambda": 1.3441788794107485,
    "objective": "multi:softprob",
    "num_class": 7,
    "eval_metric": "mlogloss",
    "device": "cuda",
    "tree_method": "hist",
    "random_state": 42
  },
  "score": 0.9159550206111007,
  "reports": [
    {
      "0": {
        "precision": 0.8493543758967002,
        "recall": 0.6838001732601791,
        "f1-score": 0.7576387777955527,
        "support": 3463.0
      },
      "1": {
        "precision": 0.9999138537922857,
        "recall": 0.9995583104309113,
        "f1-score": 0.9997360505004853,
        "support": 1079944.0
      },
      "2": {
        "precision": 0.9987928243598637,
        "recall": 0.9996312669901579,
        "f1-score": 0.9992118697899104,
        "support": 254927.0
      },
      "3": {
        "precision": 0.9998969151869701,
        "recall": 0.9999226843977115,
        "f1-score": 0.9999097996263128,
        "support": 77604.0
      },
      "4": {
        "precision": 0.934445483837439,
        "recall": 0.9509720958767903,
        "f1-score": 0.9426363579172521,
        "support": 94538.0
      },
      "5": {
        "precision": 0.912502430488042,
        "recall": 0.910314059496729,
        "f1-score": 0.9114069313747992,
        "support": 56709.0
      },
      "6": {
        "precision": 0.7810551154559245,
        "recall": 0.6993661334138244,
        "f1-score": 0.7379568436977466,
        "support": 6626.0
      },
      "accuracy": 0.9914951668275288,
      "macro avg": {
        "precision": 0.9251372855738893,
        "recall": 0.8919378176951863,
        "f1-score": 0.9069280901002942,
        "support": 1573811.0
      },
      "weighted avg": {
        "precision": 0.9913963737335196,
        "recall": 0.9914951668275288,
        "f1-score": 0.9914121648354159,
        "support": 1573811.0
      }
    },
    {
      "0": {
        "precision": 0.8543586109142453,
        "recall": 0.6960161662817552,
        "f1-score": 0.7671014953865734,
        "support": 3464.0
      },
      "1": {
        "precision": 0.9999685015443508,
        "recall": 0.9994814545939419,
        "f1-score": 0.999724918749149,
        "support": 1079944.0
      },
      "2": {
        "precision": 0.9983353635370196,
        "recall": 0.9998391696446434,
        "f1-score": 0.9990867007161364,
        "support": 254927.0
      },
      "3": {
        "precision": 0.9999613387115481,
        "recall": 0.9998711406628524,
        "f1-score": 0.9999162376531079,
        "support": 77604.0
      },
      "4": {
        "precision": 0.9355030449653792,
        "recall": 0.9489411665150521,
        "f1-score": 0.9421741915834357,
        "support": 94538.0
      },
      "5": {
        "precision": 0.9103213996550146,
        "recall": 0.9120229949918883,
        "f1-score": 0.9111714028998784,
        "support": 56708.0
      },
      "6": {
        "precision": 0.7690240215017639,
        "recall": 0.690914578931482,
        "f1-score": 0.7278797996661102,
        "support": 6626.0
      },
      "accuracy": 0.9914043045829518,
      "macro avg": {
        "precision": 0.923924611547046,
        "recall": 0.8924409530888021,
        "f1-score": 0.9067221066649129,
        "support": 1573811.0
      },
      "weighted avg": {
        "precision": 0.9913082108161886,
        "recall": 0.9914043045829518,
        "f1-score": 0.9913266240267052,
        "support": 1573811.0
      }
    },
    {
      "0": {
        "precision": 0.8690130624092888,
        "recall": 0.6913972286374134,
        "f1-score": 0.770096463022508,
        "support": 3464.0
      },
      "1": {
        "precision": 0.9999120027343993,
        "recall": 0.9995731264092153,
        "f1-score": 0.9997425358551236,
        "support": 1079945.0
      },
      "2": {
        "precision": 0.9990199076360956,
        "recall": 0.9996116535321876,
        "f1-score": 0.9993156929834022,
        "support": 254927.0
      },
      "3": {
        "precision": 0.9999097949768688,
        "recall": 0.9998840251021224,
        "f1-score": 0.9998969098734569,
        "support": 77603.0
      },
      "4": {
        "precision": 0.9342279361970349,
        "recall": 0.9485074784742643,
        "f1-score": 0.9413135559859543,
        "support": 94538.0
      },
      "5": {
        "precision": 0.911359147975737,
        "recall": 0.9114234323199548,
        "f1-score": 0.9113912890142832,
        "support": 56708.0
      },
      "6": {
        "precision": 0.7636840380203213,
        "recall": 0.7032900694234833,
        "f1-score": 0.7322438717787555,
        "support": 6626.0
      },
      "accuracy": 0.9914252727932389,
      "macro avg": {
        "precision": 0.9253036985642494,
        "recall": 0.8933838591283773,
        "f1-score": 0.907714331216212,
        "support": 1573811.0
      },
      "weighted avg": {
        "precision": 0.9913483528112649,
        "recall": 0.9914252727932389,
        "f1-score": 0.9913560425373117,
        "support": 1573811.0
      }
    }
  ]
}