{
  "params": {
    "n_estimators": 569,
    "max_depth": 7,
    "learning_rate": 0.2073613745831833,
    "subsample": 0.8547172409725883,
    "colsample_bytree": 0.931004094716022,
    "colsample_bylevel": 0.5088942043265634,
    "min_child_weight": 3,
    "gamma": 1.62036110768101,
    "reg_alpha": 1.963390766076901,
    "reg_lambda": 0.3423198154341444,
    "objective": "multi:softprob",
    "num_class": 7,
    "eval_metric": "mlogloss",
    "device": "cuda",
    "tree_method": "hist",
    "random_state": 42
  },
  "score": 0.8808353990419576,
  "reports": [
    {
      "0": {
        "precision": 0.6837095458254011,
        "recall": 0.7259601501588219,
        "f1-score": 0.704201680672269,
        "support": 3463.0
      },
      "1": {
        "precision": 0.9999360733470328,
        "recall": 0.9993971909654574,
        "f1-score": 0.9996665595334797,
        "support": 1079944.0
      },
      "2": {
        "precision": 0.9984602606195002,
        "recall": 0.9996783392892867,
        "f1-score": 0.9990689286799369,
        "support": 254927.0
      },
      "3": {
        "precision": 0.9998582656874114,
        "recall": 0.9999355703314262,
        "f1-score": 0.9998969165152628,
        "support": 77604.0
      },
      "4": {
        "precision": 0.9484160055415454,
        "recall": 0.9268971207345195,
        "f1-score": 0.9375331004488288,
        "support": 94538.0
      },
      "5": {
        "precision": 0.9075115963244502,
        "recall": 0.9073515667707066,
        "f1-score": 0.9074315744920993,
        "support": 56709.0
      },
      "6": {
        "precision": 0.583786231884058,
        "recall": 0.778146694838515,
        "f1-score": 0.667097942812783,
        "support": 6626.0
      },
      "accuracy": 0.9902643964237129,
      "macro avg": {
        "precision": 0.8745254256041999,
        "recall": 0.9053380904412476,
        "f1-score": 0.8878423861649514,
        "support": 1573811.0
      },
      "weighted avg": {
        "precision": 0.9908201961236439,
        "recall": 0.9902643964237129,
        "f1-score": 0.9904749876935759,
        "support": 1573811.0
      }
    },
    {
      "0": {
        "precision": 0.6777748622408817,
        "recall": 0.7456697459584296,
        "f1-score": 0.7101030927835051,
        "support": 3464.0
      },
      "1": {
        "precision": 0.9999796159647764,
        "recall": 0.9993610779818213,
        "f1-score": 0.999670251294449,
        "support": 1079944.0
      },
      "2": {
        "precision": 0.9980539566936841,
        "recall": 0.9998666284858018,
        "f1-score": 0.9989594702900354,
        "support": 254927.0
      },
      "3": {
        "precision": 0.9999484529439813,
        "recall": 0.9998840265965672,
        "f1-score": 0.9999162387324987,
        "support": 77604.0
      },
      "4": {
        "precision": 0.9516633432491037,
        "recall": 0.9238295711777275,
        "f1-score": 0.937539919811498,
        "support": 94538.0
      },
      "5": {
        "precision": 0.9044099618200288,
        "recall": 0.9106298934894548,
        "f1-score": 0.907509270161503,
        "support": 56708.0
      },
      "6": {
        "precision": 0.5800992779783394,
        "recall": 0.7760338062179294,
        "f1-score": 0.6639122014202712,
        "support": 6626.0
      },
      "accuracy": 0.9902358034096852,
      "macro avg": {
        "precision": 0.8731327815558281,
        "recall": 0.9078963928439618,
        "f1-score": 0.8882300634991086,
        "support": 1573811.0
      },
      "weighted avg": {
        "precision": 0.9908432882610686,
        "recall": 0.9902358034096852,
        "f1-score": 0.9904634003248344,
        "support": 1573811.0
      }
    },
    {
      "0": {
        "precision": 0.6894207234158282,
        "recall": 0.7318129330254042,
        "f1-score": 0.7099845959949587,
        "support": 3464.0
      },
      "1": {
        "precision": 0.9999240326437289,
        "recall": 0.9994296005815111,
        "f1-score": 0.999676755477096,
        "support": 1079945.0
      },
      "2": {
        "precision": 0.9987614837111591,
        "recall": 0.9996116535321876,
        "f1-score": 0.9991863877773879,
        "support": 254927.0
      },
      "3": {
        "precision": 0.9998582565556343,
        "recall": 0.9998840251021224,
        "f1-score": 0.9998711406628524,
        "support": 77603.0
      },
      "4": {
        "precision": 0.9479776954097328,
        "recall": 0.9225179292982716,
        "f1-score": 0.9350745428520884,
        "support": 94538.0
      },
      "5": {
        "precision": 0.9049999123130075,
        "recall": 0.9099950624250547,
        "f1-score": 0.9074906136517511,
        "support": 56708.0
      },
      "6": {
        "precision": 0.5753853026580299,
        "recall": 0.7775430123754905,
        "f1-score": 0.6613607188703466,
        "support": 6626.0
      },
      "accuracy": 0.9901157127507687,
      "macro avg": {
        "precision": 0.8737610581010172,
        "recall": 0.9058277451914345,
        "f1-score": 0.8875206793266402,
        "support": 1573811.0
      },
      "weighted avg": {
        "precision": 0.9907209539597632,
        "recall": 0.9901157127507687,
        "f1-score": 0.9903426267286057,
        "support": 1573811.0
      }
    }
  ]
}