{
  "params": {
    "n_estimators": 434,
    "max_depth": 13,
    "learning_rate": 0.02786263124406519,
    "subsample": 0.7862628176952142,
    "colsample_bytree": 0.98785495213653,
    "colsample_bylevel": 0.9981873240303261,
    "min_child_weight": 10,
    "gamma": 1.8543277192687824,
    "reg_alpha": 0.17455061772596414,
    "reg_lambda": 1.7255315886959286,
    "objective": "multi:softprob",
    "num_class": 7,
    "eval_metric": "mlogloss",
    "device": "cuda",
    "tree_method": "hist",
    "random_state": 42
  },
  "score": 0.8458111268493523,
  "reports": [
    {
      "0": {
        "precision": 0.4696917808219178,
        "recall": 0.792087785157378,
        "f1-score": 0.5897022465871224,
        "support": 3463.0
      },
      "1": {
        "precision": 0.9999295900566337,
        "recall": 0.9994194143400028,
        "f1-score": 0.9996744371073158,
        "support": 1079944.0
      },
      "2": {
        "precision": 0.998581476909814,
        "recall": 0.9996312669901579,
        "f1-score": 0.9991060961887549,
        "support": 254927.0
      },
      "3": {
        "precision": 0.9998196131991599,
        "recall": 0.9999097984639967,
        "f1-score": 0.9998647037979577,
        "support": 77604.0
      },
      "4": {
        "precision": 0.9599429841298346,
        "recall": 0.9047049863546933,
        "f1-score": 0.93150580496199,
        "support": 94538.0
      },
      "5": {
        "precision": 0.9227213767652593,
        "recall": 0.8906346435310092,
        "f1-score": 0.9063941280979129,
        "support": 56709.0
      },
      "6": {
        "precision": 0.4651084862193181,
        "recall": 0.8379112586779354,
        "f1-score": 0.5981791736249529,
        "support": 6626.0
      },
      "accuracy": 0.9887324462721382,
      "macro avg": {
        "precision": 0.8308279011574197,
        "recall": 0.917757021930739,
        "f1-score": 0.8606323700522867,
        "support": 1573811.0
      },
      "weighted avg": {
        "precision": 0.9911033729503352,
        "recall": 0.9887324462721382,
        "f1-score": 0.989543283817588,
        "support": 1573811.0
      }
    },
    {
      "0": {
        "precision": 0.46473029045643155,
        "recall": 0.8083140877598153,
        "f1-score": 0.5901570239224365,
        "support": 3464.0
      },
      "1": {
        "precision": 0.9999768367528463,
        "recall": 0.9993768195387909,
        "f1-score": 0.9996767381115578,
        "support": 1079944.0
      },
      "2": {
        "precision": 0.9980772619583733,
        "recall": 0.9997920973455146,
        "f1-score": 0.9989339437028212,
        "support": 254927.0
      },
      "3": {
        "precision": 0.9998969045593958,
        "recall": 0.9998195969279934,
        "f1-score": 0.9998582492493654,
        "support": 77604.0
      },
      "4": {
        "precision": 0.9634583017994104,
        "recall": 0.9022192134379826,
        "f1-score": 0.9318337002299705,
        "support": 94538.0
      },
      "5": {
        "precision": 0.9201904381166979,
        "recall": 0.8929780630598857,
        "f1-score": 0.9063800463580308,
        "support": 56708.0
      },
      "6": {
        "precision": 0.46436032422495194,
        "recall": 0.838665861756716,
        "f1-score": 0.5977518420911095,
        "support": 6626.0
      },
      "accuracy": 0.9886987700556166,
      "macro avg": {
        "precision": 0.8300986225525868,
        "recall": 0.9201665342609567,
        "f1-score": 0.8606559348093273,
        "support": 1573811.0
      },
      "weighted avg": {
        "precision": 0.9911635412801126,
        "recall": 0.9886987700556166,
        "f1-score": 0.9895348488236518,
        "support": 1573811.0
      }
    },
    {
      "0": {
        "precision": 0.47838118298166726,
        "recall": 0.7984988452655889,
        "f1-score": 0.5983127839065542,
        "support": 3464.0
      },
      "1": {
        "precision": 0.9999240332771303,
        "recall": 0.9994379343392488,
        "f1-score": 0.9996809247162939,
        "support": 1079945.0
      },
      "2": {
        "precision": 0.9988240597377653,
        "recall": 0.9995606585414648,
        "f1-score": 0.9991922233855252,
        "support": 254927.0
      },
      "3": {
        "precision": 0.999845376765282,
        "recall": 0.9999097973016507,
        "f1-score": 0.9998775859958379,
        "support": 77603.0
      },
      "4": {
        "precision": 0.9595917540622046,
        "recall": 0.9020393915674121,
        "f1-score": 0.9299259566208303,
        "support": 94538.0
      },
      "5": {
        "precision": 0.9203258241058928,
        "recall": 0.8925901107427523,
        "f1-score": 0.9062458037544648,
        "support": 56708.0
      },
      "6": {
        "precision": 0.4623512771445212,
        "recall": 0.838665861756716,
        "f1-score": 0.5960847412174846,
        "support": 6626.0
      },
      "accuracy": 0.9886612814372246,
      "macro avg": {
        "precision": 0.8313205011534948,
        "recall": 0.9186717999306904,
        "f1-score": 0.8613314313709987,
        "support": 1573811.0
      },
      "weighted avg": {
        "precision": 0.9910399381034278,
        "recall": 0.9886612814372246,
        "f1-score": 0.9894720093993893,
        "support": 1573811.0
      }
    }
  ]
}