{
  "params": {
    "n_estimators": 778,
    "max_depth": 14,
    "learning_rate": 0.06593806072318209,
    "subsample": 0.6625232401326444,
    "colsample_bytree": 0.8887934655486605,
    "colsample_bylevel": 0.5447053839095386,
    "min_child_weight": 18,
    "gamma": 0.013826748973170933,
    "reg_alpha": 0.7222756992365966,
    "reg_lambda": 1.2641566468409386,
    "objective": "multi:softprob",
    "num_class": 7,
    "eval_metric": "mlogloss",
    "device": "cuda",
    "tree_method": "hist",
    "random_state": 42
  },
  "score": 0.9151874758548241,
  "reports": [
    {
      "0": {
        "precision": 0.8447293447293447,
        "recall": 0.6849552411204158,
        "f1-score": 0.7564981661616967,
        "support": 3463.0
      },
      "1": {
        "precision": 0.999922191386957,
        "recall": 0.9995777558836384,
        "f1-score": 0.9997499439689264,
        "support": 1079944.0
      },
      "2": {
        "precision": 0.9988476553313579,
        "recall": 0.9996508804481283,
        "f1-score": 0.9992491064759175,
        "support": 254927.0
      },
      "3": {
        "precision": 0.9998969151869701,
        "recall": 0.9999226843977115,
        "f1-score": 0.9999097996263128,
        "support": 77604.0
      },
      "4": {
        "precision": 0.9359506286095532,
        "recall": 0.9496921872686116,
        "f1-score": 0.9427713373655914,
        "support": 94538.0
      },
      "5": {
        "precision": 0.9120937290468293,
        "recall": 0.9115307975806309,
        "f1-score": 0.9118121764285652,
        "support": 56709.0
      },
      "6": {
        "precision": 0.765468570490727,
        "recall": 0.7038937518865077,
        "f1-score": 0.7333909898576932,
        "support": 6626.0
      },
      "accuracy": 0.9915002500300226,
      "macro avg": {
        "precision": 0.9224155763973914,
        "recall": 0.892746185512235,
        "f1-score": 0.9061973599835291,
        "support": 1573811.0
      },
      "weighted avg": {
        "precision": 0.9914108643089281,
        "recall": 0.9915002500300226,
        "f1-score": 0.9914287076399488,
        "support": 1573811.0
      }
    },
    {
      "0": {
        "precision": 0.8512425621281065,
        "recall": 0.7020785219399538,
        "f1-score": 0.7694984970732479,
        "support": 3464.0
      },
      "1": {
        "precision": 0.9999731335457327,
        "recall": 0.9994814545939419,
        "f1-score": 0.9997272336163033,
        "support": 1079944.0
      },
      "2": {
        "precision": 0.9983471074380166,
        "recall": 0.9998470150278315,
        "f1-score": 0.9990964982939301,
        "support": 254927.0
      },
      "3": {
        "precision": 0.9999613387115481,
        "recall": 0.9998711406628524,
        "f1-score": 0.9999162376531079,
        "support": 77604.0
      },
      "4": {
        "precision": 0.9369285587402431,
        "recall": 0.9484545896888024,
        "f1-score": 0.9426563428108853,
        "support": 94538.0
      },
      "5": {
        "precision": 0.9096898884301151,
        "recall": 0.9130105099809551,
        "f1-score": 0.9113471744277127,
        "support": 56708.0
      },
      "6": {
        "precision": 0.764539714190761,
        "recall": 0.6943857530938726,
        "f1-score": 0.7277760202467574,
        "support": 6626.0
      },
      "accuracy": 0.9914398870004085,
      "macro avg": {
        "precision": 0.9229546147406461,
        "recall": 0.89387556928403,
        "f1-score": 0.9071454291602777,
        "support": 1573811.0
      },
      "weighted avg": {
        "precision": 0.9913504284706707,
        "recall": 0.9914398870004085,
        "f1-score": 0.9913699344559498,
        "support": 1573811.0
      }
    },
    {
      "0": {
        "precision": 0.8670499461013295,
        "recall": 0.6965935334872979,
        "f1-score": 0.7725308147910998,
        "support": 3464.0
      },
      "1": {
        "precision": 0.9999120024898664,
        "recall": 0.9995703484899694,
        "f1-score": 0.999741146300499,
        "support": 1079945.0
      },
      "2": {
        "precision": 0.9990081620812131,
        "recall": 0.9996155762237817,
        "f1-score": 0.9993117768509967,
        "support": 254927.0
      },
      "3": {
        "precision": 0.9999097973016507,
        "recall": 0.9999097973016507,
        "f1-score": 0.9999097973016507,
        "support": 77603.0
      },
      "4": {
        "precision": 0.9350371514443145,
        "recall": 0.9477564577207049,
        "f1-score": 0.941353841628056,
        "support": 94538.0
      },
      "5": {
        "precision": 0.9113765702908893,
        "recall": 0.9121640685617549,
        "f1-score": 0.911770149385273,
        "support": 56708.0
      },
      "6": {
        "precision": 0.7580019398642095,
        "recall": 0.7076667672804106,
        "f1-score": 0.7319700280986575,
        "support": 6626.0
      },
      "accuracy": 0.9914367099988499,
      "macro avg": {
        "precision": 0.9243279385104961,
        "recall": 0.8947537927236529,
        "f1-score": 0.9080839363366046,
        "support": 1573811.0
      },
      "weighted avg": {
        "precision": 0.9913674436777541,
        "recall": 0.9914367099988499,
        "f1-score": 0.9913753664439874,
        "support": 1573811.0
      }
    }
  ]
}