{
  "params": {
    "n_estimators": 778,
    "max_depth": 14,
    "learning_rate": 0.06377238363998201,
    "subsample": 0.6490365153806917,
    "colsample_bytree": 0.9047174875430531,
    "colsample_bylevel": 0.5010629074073294,
    "min_child_weight": 18,
    "gamma": 0.0888506284042027,
    "reg_alpha": 0.49760962857743296,
    "reg_lambda": 1.239229135322856,
    "objective": "multi:softprob",
    "num_class": 7,
    "eval_metric": "mlogloss",
    "device": "cuda",
    "tree_method": "hist",
    "random_state": 42
  },
  "score": 0.914622020875196,
  "reports": [
    {
      "0": {
        "precision": 0.8368495077355836,
        "recall": 0.6872653768408894,
        "f1-score": 0.7547169811320755,
        "support": 3463.0
      },
      "1": {
        "precision": 0.9999184844027316,
        "recall": 0.9995518286133355,
        "f1-score": 0.999735122890013,
        "support": 1079944.0
      },
      "2": {
        "precision": 0.9987654466143843,
        "recall": 0.9996508804481283,
        "f1-score": 0.9992079673776663,
        "support": 254927.0
      },
      "3": {
        "precision": 0.9999097996263128,
        "recall": 0.9999226843977115,
        "f1-score": 0.9999162419705043,
        "support": 77604.0
      },
      "4": {
        "precision": 0.9354831989667313,
        "recall": 0.9500095199813832,
        "f1-score": 0.9426904022168108,
        "support": 94538.0
      },
      "5": {
        "precision": 0.9124911660777385,
        "recall": 0.9107372727433035,
        "f1-score": 0.9116133758130422,
        "support": 56709.0
      },
      "6": {
        "precision": 0.7702725020644096,
        "recall": 0.7038937518865077,
        "f1-score": 0.7355886759719265,
        "support": 6626.0
      },
      "accuracy": 0.9914780110191123,
      "macro avg": {
        "precision": 0.9219557293554131,
        "recall": 0.8930044735587513,
        "f1-score": 0.9062098239102913,
        "support": 1573811.0
      },
      "weighted avg": {
        "precision": 0.9913847688598412,
        "recall": 0.9914780110191123,
        "f1-score": 0.9914054996071971,
        "support": 1573811.0
      }
    },
    {
      "0": {
        "precision": 0.8504378283712785,
        "recall": 0.7009237875288684,
        "f1-score": 0.7684760246874506,
        "support": 3464.0
      },
      "1": {
        "precision": 0.9999740598309999,
        "recall": 0.9994768247242449,
        "f1-score": 0.9997253804499593,
        "support": 1079944.0
      },
      "2": {
        "precision": 0.9983158257545492,
        "recall": 0.9998470150278315,
        "f1-score": 0.9990808337171359,
        "support": 254927.0
      },
      "3": {
        "precision": 0.9999742258076988,
        "recall": 0.9998840265965672,
        "f1-score": 0.9999291241680144,
        "support": 77604.0
      },
      "4": {
        "precision": 0.937084222417472,
        "recall": 0.947650680149781,
        "f1-score": 0.9423378317257628,
        "support": 94538.0
      },
      "5": {
        "precision": 0.9087463812615142,
        "recall": 0.9133455597093885,
        "f1-score": 0.9110401660466303,
        "support": 56708.0
      },
      "6": {
        "precision": 0.7607290803645402,
        "recall": 0.6928765469363115,
        "f1-score": 0.725219177000237,
        "support": 6626.0
      },
      "accuracy": 0.991392231977029,
      "macro avg": {
        "precision": 0.9221802319725788,
        "recall": 0.8934292058104276,
        "f1-score": 0.9065440768278844,
        "support": 1573811.0
      },
      "weighted avg": {
        "precision": 0.991304171805442,
        "recall": 0.991392231977029,
        "f1-score": 0.9913235506689032,
        "support": 1573811.0
      }
    },
    {
      "0": {
        "precision": 0.8605648909545942,
        "recall": 0.6948614318706697,
        "f1-score": 0.7688867593036256,
        "support": 3464.0
      },
      "1": {
        "precision": 0.9999138546700495,
        "recall": 0.9995675705707235,
        "f1-score": 0.9997406826344422,
        "support": 1079945.0
      },
      "2": {
        "precision": 0.9990316687444625,
        "recall": 0.9996234216069698,
        "f1-score": 0.9993274575739454,
        "support": 254927.0
      },
      "3": {
        "precision": 0.9998711439837126,
        "recall": 0.9999097973016507,
        "f1-score": 0.999890470269121,
        "support": 77603.0
      },
      "4": {
        "precision": 0.9351613914133501,
        "recall": 0.9469525481816835,
        "f1-score": 0.9410200348981437,
        "support": 94538.0
      },
      "5": {
        "precision": 0.9096968204839617,
        "recall": 0.9121993369542216,
        "f1-score": 0.9109463600183144,
        "support": 56708.0
      },
      "6": {
        "precision": 0.7596107055961071,
        "recall": 0.7067612435858738,
        "f1-score": 0.7322336017512313,
        "support": 6626.0
      },
      "accuracy": 0.9913814301717296,
      "macro avg": {
        "precision": 0.923407210835177,
        "recall": 0.8942679071531133,
        "f1-score": 0.9074350523498319,
        "support": 1573811.0
      },
      "weighted avg": {
        "precision": 0.9913100535078357,
        "recall": 0.9913814301717296,
        "f1-score": 0.9913199896756669,
        "support": 1573811.0
      }
    }
  ]
}