{
  "params": {
    "n_estimators": 359,
    "max_depth": 11,
    "learning_rate": 0.06572915754598369,
    "subsample": 0.9259196954042821,
    "colsample_bytree": 0.5431268046641249,
    "colsample_bylevel": 0.5785627084920595,
    "min_child_weight": 13,
    "gamma": 3.726953599117679,
    "reg_alpha": 1.442700846208897,
    "reg_lambda": 2.7770856677346583,
    "objective": "multi:softprob",
    "num_class": 7,
    "eval_metric": "mlogloss",
    "device": "cuda",
    "tree_method": "hist",
    "random_state": 42
  },
  "score": 0.8506188790069101,
  "reports": [
    {
      "0": {
        "precision": 0.5199608610567514,
        "recall": 0.767253826162287,
        "f1-score": 0.6198530269450601,
        "support": 3463.0
      },
      "1": {
        "precision": 0.999949967803355,
        "recall": 0.9993583000600031,
        "f1-score": 0.9996540463837196,
        "support": 1079944.0
      },
      "2": {
        "precision": 0.9985698556925621,
        "recall": 0.9997136435136333,
        "f1-score": 0.99914142225951,
        "support": 254927.0
      },
      "3": {
        "precision": 0.9997809673512511,
        "recall": 0.9999097984639967,
        "f1-score": 0.9998453787576184,
        "support": 77604.0
      },
      "4": {
        "precision": 0.9573033206047208,
        "recall": 0.9069157375870021,
        "f1-score": 0.9314285714285714,
        "support": 94538.0
      },
      "5": {
        "precision": 0.9200065464067501,
        "recall": 0.8921511576645682,
        "f1-score": 0.9058647639680933,
        "support": 56709.0
      },
      "6": {
        "precision": 0.464984594887168,
        "recall": 0.842740718382131,
        "f1-score": 0.5993023879796082,
        "support": 6626.0
      },
      "accuracy": 0.9888569847332367,
      "macro avg": {
        "precision": 0.837222301971794,
        "recall": 0.915434740261946,
        "f1-score": 0.8650127996745972,
        "support": 1573811.0
      },
      "weighted avg": {
        "precision": 0.9909672716564835,
        "recall": 0.9888569847332367,
        "f1-score": 0.9895814195185574,
        "support": 1573811.0
      }
    },
    {
      "0": {
        "precision": 0.4982879798161831,
        "recall": 0.7982101616628176,
        "f1-score": 0.6135581937201819,
        "support": 3464.0
      },
      "1": {
        "precision": 0.9999759098435159,
        "recall": 0.9993601520078819,
        "f1-score": 0.9996679361047932,
        "support": 1079944.0
      },
      "2": {
        "precision": 0.9981593314065058,
        "recall": 0.9997842519623265,
        "f1-score": 0.9989711309133026,
        "support": 254927.0
      },
      "3": {
        "precision": 1.0,
        "recall": 0.9998195969279934,
        "f1-score": 0.9999097903269456,
        "support": 77604.0
      },
      "4": {
        "precision": 0.9621627723219325,
        "recall": 0.901626859040809,
        "f1-score": 0.9309117120265606,
        "support": 94538.0
      },
      "5": {
        "precision": 0.9139833249478905,
        "recall": 0.8969633914086196,
        "f1-score": 0.9053933784264863,
        "support": 56708.0
      },
      "6": {
        "precision": 0.4693030739266661,
        "recall": 0.8364020525203743,
        "f1-score": 0.6012476267968538,
        "support": 6626.0
      },
      "accuracy": 0.9887623100867893,
      "macro avg": {
        "precision": 0.8345531988946705,
        "recall": 0.9188809236472604,
        "f1-score": 0.8642371097593033,
        "support": 1573811.0
      },
      "weighted avg": {
        "precision": 0.9909744754283389,
        "recall": 0.9887623100867893,
        "f1-score": 0.989512663173152,
        "support": 1573811.0
      }
    },
    {
      "0": {
        "precision": 0.5199847735059002,
        "recall": 0.7886836027713626,
        "f1-score": 0.6267492544161505,
        "support": 3464.0
      },
      "1": {
        "precision": 0.999933294236344,
        "recall": 0.9993981174967244,
        "f1-score": 0.999665634239054,
        "support": 1079945.0
      },
      "2": {
        "precision": 0.9987928290912511,
        "recall": 0.999635189681752,
        "f1-score": 0.9992138318541217,
        "support": 254927.0
      },
      "3": {
        "precision": 0.9998453747728941,
        "recall": 0.9998969112018865,
        "f1-score": 0.9998711423233039,
        "support": 77603.0
      },
      "4": {
        "precision": 0.9584307291198417,
        "recall": 0.9021240136241512,
        "f1-score": 0.9294253549983108,
        "support": 94538.0
      },
      "5": {
        "precision": 0.915364512931423,
        "recall": 0.8956231924948861,
        "f1-score": 0.90538625404437,
        "support": 56708.0
      },
      "6": {
        "precision": 0.46608753758770466,
        "recall": 0.8421370359191066,
        "f1-score": 0.6000645230669964,
        "support": 6626.0
      },
      "accuracy": 0.9887527790821135,
      "macro avg": {
        "precision": 0.8369198644636227,
        "recall": 0.9182140090271244,
        "f1-score": 0.8657679992774725,
        "support": 1573811.0
      },
      "weighted avg": {
        "precision": 0.9909000254494611,
        "recall": 0.9887527790821135,
        "f1-score": 0.989483002083099,
        "support": 1573811.0
      }
    }
  ]
}