{
  "params": {
    "n_estimators": 334,
    "max_depth": 11,
    "learning_rate": 0.22628482726341084,
    "subsample": 0.7738030293391633,
    "colsample_bytree": 0.844997628241067,
    "colsample_bylevel": 0.9440098774077497,
    "min_child_weight": 14,
    "gamma": 1.1267712946366337,
    "reg_alpha": 1.2221310082026542,
    "reg_lambda": 1.724569852733814,
    "objective": "multi:softprob",
    "num_class": 7,
    "eval_metric": "mlogloss",
    "device": "cuda",
    "tree_method": "hist",
    "random_state": 42
  },
  "score": 0.9059491013096524,
  "reports": [
    {
      "0": {
        "precision": 0.7949818421921426,
        "recall": 0.695350851862547,
        "f1-score": 0.7418361059765866,
        "support": 3463.0
      },
      "1": {
        "precision": 0.9999305196573786,
        "recall": 0.9994657130369723,
        "f1-score": 0.9996980623195668,
        "support": 1079944.0
      },
      "2": {
        "precision": 0.9985854398263343,
        "recall": 0.9996665712145045,
        "f1-score": 0.9991257130535354,
        "support": 254927.0
      },
      "3": {
        "precision": 0.9998711456440785,
        "recall": 0.9999097984639967,
        "f1-score": 0.9998904716804866,
        "support": 77604.0
      },
      "4": {
        "precision": 0.9384826132771338,
        "recall": 0.9420762021620935,
        "f1-score": 0.9402759741973628,
        "support": 94538.0
      },
      "5": {
        "precision": 0.9059367771781033,
        "recall": 0.9116718686628225,
        "f1-score": 0.9087952749677,
        "support": 56709.0
      },
      "6": {
        "precision": 0.722645534897897,
        "recall": 0.7156655599154844,
        "f1-score": 0.7191386108583561,
        "support": 6626.0
      },
      "accuracy": 0.9910453034068258,
      "macro avg": {
        "precision": 0.9086334103818666,
        "recall": 0.894829509331203,
        "f1-score": 0.9012514590076562,
        "support": 1573811.0
      },
      "weighted avg": {
        "precision": 0.9910133207550149,
        "recall": 0.9910453034068258,
        "f1-score": 0.9910212962019527,
        "support": 1573811.0
      }
    },
    {
      "0": {
        "precision": 0.8013676326929339,
        "recall": 0.7104503464203233,
        "f1-score": 0.7531752104055088,
        "support": 3464.0
      },
      "1": {
        "precision": 0.9999694262983864,
        "recall": 0.9994277481054573,
        "f1-score": 0.9996985138259892,
        "support": 1079944.0
      },
      "2": {
        "precision": 0.9982024249639702,
        "recall": 0.9998352469530493,
        "f1-score": 0.9990181687769832,
        "support": 254927.0
      },
      "3": {
        "precision": 0.9999355653496225,
        "recall": 0.9998582547291377,
        "f1-score": 0.999896908544993,
        "support": 77604.0
      },
      "4": {
        "precision": 0.9401398040209494,
        "recall": 0.9417906027205991,
        "f1-score": 0.9409644793439088,
        "support": 94538.0
      },
      "5": {
        "precision": 0.9055676091825308,
        "recall": 0.9126578260562883,
        "f1-score": 0.9090988933778325,
        "support": 56708.0
      },
      "6": {
        "precision": 0.7179097675831688,
        "recall": 0.7132508300633866,
        "f1-score": 0.7155727155727156,
        "support": 6626.0
      },
      "accuracy": 0.9910853336264647,
      "macro avg": {
        "precision": 0.909013175727366,
        "recall": 0.896752979292606,
        "f1-score": 0.9024892699782759,
        "support": 1573811.0
      },
      "weighted avg": {
        "precision": 0.9910614449195466,
        "recall": 0.9910853336264647,
        "f1-score": 0.9910666401200295,
        "support": 1573811.0
      }
    },
    {
      "0": {
        "precision": 0.822499157965645,
        "recall": 0.7049653579676675,
        "f1-score": 0.7592103217783305,
        "support": 3464.0
      },
      "1": {
        "precision": 0.9999101435849931,
        "recall": 0.9994981225895763,
        "f1-score": 0.9997040906343991,
        "support": 1079945.0
      },
      "2": {
        "precision": 0.9989180458968067,
        "recall": 0.999572426616247,
        "f1-score": 0.9992451291221341,
        "support": 254927.0
      },
      "3": {
        "precision": 0.9998582547291377,
        "recall": 0.9998711390023581,
        "f1-score": 0.9998646968242412,
        "support": 77603.0
      },
      "4": {
        "precision": 0.9376312983626632,
        "recall": 0.9395058071886437,
        "f1-score": 0.9385676168335403,
        "support": 94538.0
      },
      "5": {
        "precision": 0.9033120685135017,
        "recall": 0.9113881639274882,
        "f1-score": 0.907332145396452,
        "support": 56708.0
      },
      "6": {
        "precision": 0.71501044464339,
        "recall": 0.7232115907032901,
        "f1-score": 0.7190876350540216,
        "support": 6626.0
      },
      "accuracy": 0.9909385561544557,
      "macro avg": {
        "precision": 0.9110199162423053,
        "recall": 0.8968589439993243,
        "f1-score": 0.9032873765204457,
        "support": 1573811.0
      },
      "weighted avg": {
        "precision": 0.9909352175053098,
        "recall": 0.9909385561544557,
        "f1-score": 0.9909260852449215,
        "support": 1573811.0
      }
    }
  ]
}