{
  "params": {
    "n_estimators": 693,
    "max_depth": 15,
    "learning_rate": 0.020286458867966622,
    "subsample": 0.9360566348820495,
    "colsample_bytree": 0.8838086143639474,
    "colsample_bylevel": 0.5907434445503034,
    "min_child_weight": 20,
    "gamma": 4.05974647437754,
    "reg_alpha": 1.2457228485501433,
    "reg_lambda": 2.1769400585399006,
    "objective": "multi:softprob",
    "num_class": 7,
    "eval_metric": "mlogloss",
    "device": "cuda",
    "tree_method": "hist",
    "random_state": 42
  },
  "score": 0.8630100893847513,
  "reports": [
    {
      "0": {
        "precision": 0.5644368454798033,
        "recall": 0.7626335547213399,
        "f1-score": 0.64873495455662,
        "support": 3463.0
      },
      "1": {
        "precision": 0.9999360698524882,
        "recall": 0.9993425585030334,
        "f1-score": 0.9996392260820555,
        "support": 1079944.0
      },
      "2": {
        "precision": 0.9984719485007464,
        "recall": 0.9996469577565342,
        "f1-score": 0.9990591076420061,
        "support": 254927.0
      },
      "3": {
        "precision": 0.9997294442010873,
        "recall": 0.9999097984639967,
        "f1-score": 0.9998196131991599,
        "support": 77604.0
      },
      "4": {
        "precision": 0.9547427564173185,
        "recall": 0.9166895851403668,
        "f1-score": 0.9353292896151273,
        "support": 94538.0
      },
      "5": {
        "precision": 0.9157673968379163,
        "recall": 0.9008622969898958,
        "f1-score": 0.9082537001644517,
        "support": 56709.0
      },
      "6": {
        "precision": 0.5160145761411584,
        "recall": 0.8121038333836402,
        "f1-score": 0.63105429811188,
        "support": 6626.0
      },
      "accuracy": 0.9895972260963991,
      "macro avg": {
        "precision": 0.8498712910615025,
        "recall": 0.9130269407084011,
        "f1-score": 0.8745557413387572,
        "support": 1573811.0
      },
      "weighted avg": {
        "precision": 0.9909454836793464,
        "recall": 0.9895972260963991,
        "f1-score": 0.9900742726793119,
        "support": 1573811.0
      }
    },
    {
      "0": {
        "precision": 0.5664715719063546,
        "recall": 0.7823325635103926,
        "f1-score": 0.6571290009699321,
        "support": 3464.0
      },
      "1": {
        "precision": 0.9999759099104775,
        "recall": 0.9993629299297001,
        "f1-score": 0.9996693259529109,
        "support": 1079944.0
      },
      "2": {
        "precision": 0.998096752338919,
        "recall": 0.9997646385043562,
        "f1-score": 0.9989299992161167,
        "support": 254927.0
      },
      "3": {
        "precision": 0.9999484502867453,
        "recall": 0.9998324828617081,
        "f1-score": 0.9998904632117475,
        "support": 77604.0
      },
      "4": {
        "precision": 0.9591714399893433,
        "recall": 0.913981679324716,
        "f1-score": 0.9360314588727238,
        "support": 94538.0
      },
      "5": {
        "precision": 0.9119661312414394,
        "recall": 0.9040699724906539,
        "f1-score": 0.9080008855435023,
        "support": 56708.0
      },
      "6": {
        "precision": 0.5160060975609756,
        "recall": 0.8173860549351042,
        "f1-score": 0.632636374255344,
        "support": 6626.0
      },
      "accuracy": 0.9896448811197787,
      "macro avg": {
        "precision": 0.8502337647477506,
        "recall": 0.916675760222376,
        "f1-score": 0.876041072574611,
        "support": 1573811.0
      },
      "weighted avg": {
        "precision": 0.9910561263478217,
        "recall": 0.9896448811197787,
        "f1-score": 0.9901355484970101,
        "support": 1573811.0
      }
    },
    {
      "0": {
        "precision": 0.5783132530120482,
        "recall": 0.7759815242494227,
        "f1-score": 0.6627218934911243,
        "support": 3464.0
      },
      "1": {
        "precision": 0.9999268091571936,
        "recall": 0.9993944136043965,
        "f1-score": 0.9996605404954813,
        "support": 1079945.0
      },
      "2": {
        "precision": 0.9987927344564561,
        "recall": 0.9995567358498707,
        "f1-score": 0.9991745891081053,
        "support": 254927.0
      },
      "3": {
        "precision": 0.9998067309178993,
        "recall": 0.9999226834014149,
        "f1-score": 0.9998647037979577,
        "support": 77603.0
      },
      "4": {
        "precision": 0.9555132574919215,
        "recall": 0.913325858384988,
        "f1-score": 0.9339433862262171,
        "support": 94538.0
      },
      "5": {
        "precision": 0.9131473819375089,
        "recall": 0.9029061155392537,
        "f1-score": 0.907997871963114,
        "support": 56708.0
      },
      "6": {
        "precision": 0.5120022592487998,
        "recall": 0.8208572290974947,
        "f1-score": 0.6306452547973795,
        "support": 6626.0
      },
      "accuracy": 0.9895565604764486,
      "macro avg": {
        "precision": 0.8510717751745468,
        "recall": 0.9159920800181202,
        "f1-score": 0.87628689141134,
        "support": 1573811.0
      },
      "weighted avg": {
        "precision": 0.9909602062899343,
        "recall": 0.9895565604764486,
        "f1-score": 0.990046257625259,
        "support": 1573811.0
      }
    }
  ]
}