{
  "params": {
    "n_estimators": 499,
    "max_depth": 8,
    "learning_rate": 0.1917484672477414,
    "subsample": 0.8629831541222934,
    "colsample_bytree": 0.7709053346518446,
    "colsample_bylevel": 0.6893447538496261,
    "min_child_weight": 5,
    "gamma": 0.8872513056291259,
    "reg_alpha": 1.6794756567253515,
    "reg_lambda": 0.5730706868826765,
    "objective": "multi:softprob",
    "num_class": 7,
    "eval_metric": "mlogloss",
    "device": "cuda",
    "tree_method": "hist",
    "random_state": 42
  },
  "score": 0.8945452559122461,
  "reports": [
    {
      "0": {
        "precision": 0.7564734895191122,
        "recall": 0.7086341322552699,
        "f1-score": 0.7317727747129864,
        "support": 3463.0
      },
      "1": {
        "precision": 0.9999564545074681,
        "recall": 0.9993888572000029,
        "f1-score": 0.9996725752856862,
        "support": 1079944.0
      },
      "2": {
        "precision": 0.9983078730904817,
        "recall": 0.9997685611959503,
        "f1-score": 0.9990376832272694,
        "support": 254927.0
      },
      "3": {
        "precision": 0.9998324958123953,
        "recall": 0.9999097984639967,
        "f1-score": 0.9998711456440785,
        "support": 77604.0
      },
      "4": {
        "precision": 0.9428130323679728,
        "recall": 0.9366498127736995,
        "f1-score": 0.9397213172165682,
        "support": 94538.0
      },
      "5": {
        "precision": 0.9074256554636636,
        "recall": 0.909361829691936,
        "f1-score": 0.9083927108746774,
        "support": 56709.0
      },
      "6": {
        "precision": 0.656414994720169,
        "recall": 0.7505282221551464,
        "f1-score": 0.7003238980425293,
        "support": 6626.0
      },
      "accuracy": 0.9907758936746535,
      "macro avg": {
        "precision": 0.8944605707830375,
        "recall": 0.9006058876765718,
        "f1-score": 0.8969703007148279,
        "support": 1573811.0
      },
      "weighted avg": {
        "precision": 0.9909344507529102,
        "recall": 0.9907758936746535,
        "f1-score": 0.9908394152145584,
        "support": 1573811.0
      }
    },
    {
      "0": {
        "precision": 0.7491028708133971,
        "recall": 0.7231524249422633,
        "f1-score": 0.7358989424206815,
        "support": 3464.0
      },
      "1": {
        "precision": 0.999977764333435,
        "recall": 0.9994249701836392,
        "f1-score": 0.9997012908403731,
        "support": 1079944.0
      },
      "2": {
        "precision": 0.9981790128291483,
        "recall": 0.9998587831026137,
        "f1-score": 0.9990181918660822,
        "support": 254927.0
      },
      "3": {
        "precision": 0.9999742248111967,
        "recall": 0.999845368795423,
        "f1-score": 0.9999097926519671,
        "support": 77604.0
      },
      "4": {
        "precision": 0.9458410608805652,
        "recall": 0.933264930504136,
        "f1-score": 0.9395109121015446,
        "support": 94538.0
      },
      "5": {
        "precision": 0.9045539504253498,
        "recall": 0.9131515835508217,
        "f1-score": 0.9088324338554693,
        "support": 56708.0
      },
      "6": {
        "precision": 0.6457733577597488,
        "recall": 0.7447932387564141,
        "f1-score": 0.691757779646762,
        "support": 6626.0
      },
      "accuracy": 0.9907530192634313,
      "macro avg": {
        "precision": 0.8919146059789773,
        "recall": 0.9019273285479016,
        "f1-score": 0.8963756204832686,
        "support": 1573811.0
      },
      "weighted avg": {
        "precision": 0.9909524853481853,
        "recall": 0.9907530192634313,
        "f1-score": 0.9908339783073955,
        "support": 1573811.0
      }
    },
    {
      "0": {
        "precision": 0.7502262443438914,
        "recall": 0.7179561200923787,
        "f1-score": 0.733736539312583,
        "support": 3464.0
      },
      "1": {
        "precision": 0.9999101440011857,
        "recall": 0.9995027524549861,
        "f1-score": 0.9997064067239343,
        "support": 1079945.0
      },
      "2": {
        "precision": 0.9989219956017421,
        "recall": 0.9996038081489995,
        "f1-score": 0.9992627855725568,
        "support": 254927.0
      },
      "3": {
        "precision": 0.9998711406628524,
        "recall": 0.9998840251021224,
        "f1-score": 0.9998775828409802,
        "support": 77603.0
      },
      "4": {
        "precision": 0.9436247499010304,
        "recall": 0.9328947090059024,
        "f1-score": 0.9382290519731278,
        "support": 94538.0
      },
      "5": {
        "precision": 0.9064598124287843,
        "recall": 0.9118466530295549,
        "f1-score": 0.9091452533120006,
        "support": 56708.0
      },
      "6": {
        "precision": 0.6412959629724865,
        "recall": 0.7527920313914881,
        "f1-score": 0.6925853929464038,
        "support": 6626.0
      },
      "accuracy": 0.9907199784472214,
      "macro avg": {
        "precision": 0.8914728642731389,
        "recall": 0.9020685856036331,
        "f1-score": 0.8960775732402265,
        "support": 1573811.0
      },
      "weighted avg": {
        "precision": 0.9909405122822267,
        "recall": 0.9907199784472214,
        "f1-score": 0.9908085157203991,
        "support": 1573811.0
      }
    }
  ]
}