{
  "params": {
    "n_estimators": 642,
    "max_depth": 13,
    "learning_rate": 0.09292107754653511,
    "subsample": 0.6901978592456043,
    "colsample_bytree": 0.8646482184660392,
    "colsample_bylevel": 0.5337199060694019,
    "min_child_weight": 15,
    "gamma": 0.25570699359234306,
    "reg_alpha": 1.1111948632150221,
    "reg_lambda": 1.5361724094123623,
    "objective": "multi:softprob",
    "num_class": 7,
    "eval_metric": "mlogloss",
    "device": "cuda",
    "tree_method": "hist",
    "random_state": 42
  },
  "score": 0.9149464844994092,
  "reports": [
    {
      "0": {
        "precision": 0.839971801198449,
        "recall": 0.688131677736067,
        "f1-score": 0.7565079365079365,
        "support": 3463.0
      },
      "1": {
        "precision": 0.9999268198016353,
        "recall": 0.9995407169260628,
        "f1-score": 0.9997337310850667,
        "support": 1079944.0
      },
      "2": {
        "precision": 0.9987458800199092,
        "recall": 0.9996548031397223,
        "f1-score": 0.9992001348792164,
        "support": 254927.0
      },
      "3": {
        "precision": 0.9998711473044016,
        "recall": 0.9999226843977115,
        "f1-score": 0.9998969151869701,
        "support": 77604.0
      },
      "4": {
        "precision": 0.9349740770816416,
        "recall": 0.9499672089530136,
        "f1-score": 0.9424110141034251,
        "support": 94538.0
      },
      "5": {
        "precision": 0.9119807855326363,
        "recall": 0.910613835546386,
        "f1-score": 0.9112967979317587,
        "support": 56709.0
      },
      "6": {
        "precision": 0.7760746417860713,
        "recall": 0.702988228191971,
        "f1-score": 0.7377256889452012,
        "support": 6626.0
      },
      "accuracy": 0.991462126011319,
      "macro avg": {
        "precision": 0.9230778789606777,
        "recall": 0.8929741649844191,
        "f1-score": 0.9066817455199393,
        "support": 1573811.0
      },
      "weighted avg": {
        "precision": 0.9913677382767324,
        "recall": 0.991462126011319,
        "f1-score": 0.9913870708984462,
        "support": 1573811.0
      }
    },
    {
      "0": {
        "precision": 0.8519957612151183,
        "recall": 0.6963048498845266,
        "f1-score": 0.7663224781572677,
        "support": 3464.0
      },
      "1": {
        "precision": 0.9999768387485883,
        "recall": 0.9994629351151542,
        "f1-score": 0.9997198208891357,
        "support": 1079944.0
      },
      "2": {
        "precision": 0.9982806496716001,
        "recall": 0.9998548604110197,
        "f1-score": 0.9990671349283496,
        "support": 254927.0
      },
      "3": {
        "precision": 0.999948452279698,
        "recall": 0.9998711406628524,
        "f1-score": 0.9999097949768688,
        "support": 77604.0
      },
      "4": {
        "precision": 0.9364683020602617,
        "recall": 0.9481372569760308,
        "f1-score": 0.9422666540519516,
        "support": 94538.0
      },
      "5": {
        "precision": 0.9097378408771437,
        "recall": 0.9130105099809551,
        "f1-score": 0.9113712374581939,
        "support": 56708.0
      },
      "6": {
        "precision": 0.7630881378396289,
        "recall": 0.6951403561726532,
        "f1-score": 0.7275311957036803,
        "support": 6626.0
      },
      "accuracy": 0.9913998567807697,
      "macro avg": {
        "precision": 0.922785140384577,
        "recall": 0.8931117013147417,
        "f1-score": 0.9065983308807782,
        "support": 1573811.0
      },
      "weighted avg": {
        "precision": 0.9913111975668359,
        "recall": 0.9913998567807697,
        "f1-score": 0.9913292112757967,
        "support": 1573811.0
      }
    },
    {
      "0": {
        "precision": 0.8593414459556192,
        "recall": 0.6931293302540416,
        "f1-score": 0.767337807606264,
        "support": 3464.0
      },
      "1": {
        "precision": 0.9999147795430146,
        "recall": 0.9995518290283302,
        "f1-score": 0.9997332713436178,
        "support": 1079945.0
      },
      "2": {
        "precision": 0.9989807758647725,
        "recall": 0.9996430350649401,
        "f1-score": 0.9993117957425449,
        "support": 254927.0
      },
      "3": {
        "precision": 0.9998969125302819,
        "recall": 0.9999097973016507,
        "f1-score": 0.999903354874458,
        "support": 77603.0
      },
      "4": {
        "precision": 0.934583829147617,
        "recall": 0.9470794812667922,
        "f1-score": 0.9407901649679521,
        "support": 94538.0
      },
      "5": {
        "precision": 0.9105579338653701,
        "recall": 0.9114410665161882,
        "f1-score": 0.9109992861612218,
        "support": 56708.0
      },
      "6": {
        "precision": 0.7588320696886595,
        "recall": 0.7099305765167522,
        "f1-score": 0.7335672514619883,
        "support": 6626.0
      },
      "accuracy": 0.9913636389630013,
      "macro avg": {
        "precision": 0.9231582495136192,
        "recall": 0.8943835879926707,
        "f1-score": 0.9073775617368638,
        "support": 1573811.0
      },
      "weighted avg": {
        "precision": 0.9912940781082918,
        "recall": 0.9913636389630013,
        "f1-score": 0.9913033069611739,
        "support": 1573811.0
      }
    }
  ]
}