{
  "params": {
    "n_estimators": 422,
    "max_depth": 8,
    "learning_rate": 0.29990562368230034,
    "subsample": 0.8158551114856629,
    "colsample_bytree": 0.7795553551689446,
    "colsample_bylevel": 0.6515579046914742,
    "min_child_weight": 3,
    "gamma": 1.7292976985536324,
    "reg_alpha": 2.231818347421017,
    "reg_lambda": 0.8482071178099636,
    "objective": "multi:softprob",
    "num_class": 7,
    "eval_metric": "mlogloss",
    "device": "cuda",
    "tree_method": "hist",
    "random_state": 42
  },
  "score": 0.892100305522637,
  "reports": [
    {
      "0": {
        "precision": 0.737410071942446,
        "recall": 0.7103667340456252,
        "f1-score": 0.7236358287983528,
        "support": 3463.0
      },
      "1": {
        "precision": 0.9999342221069307,
        "recall": 0.9994212662878816,
        "f1-score": 0.999677678395283,
        "support": 1079944.0
      },
      "2": {
        "precision": 0.9985893582755688,
        "recall": 0.9996704939060986,
        "f1-score": 0.999129633622802,
        "support": 254927.0
      },
      "3": {
        "precision": 0.9997552082662303,
        "recall": 0.9999226843977115,
        "f1-score": 0.9998389393187778,
        "support": 77604.0
      },
      "4": {
        "precision": 0.9424048537155919,
        "recall": 0.9332437749899511,
        "f1-score": 0.9378019419952487,
        "support": 94538.0
      },
      "5": {
        "precision": 0.903527061833091,
        "recall": 0.9093265619213882,
        "f1-score": 0.9064175352867765,
        "support": 56709.0
      },
      "6": {
        "precision": 0.6504687706325102,
        "recall": 0.7434349532146091,
        "f1-score": 0.6938516796957532,
        "support": 6626.0
      },
      "accuracy": 0.9905509619643019,
      "macro avg": {
        "precision": 0.890298506681767,
        "recall": 0.899340924109038,
        "f1-score": 0.8943361767304276,
        "support": 1573811.0
      },
      "weighted avg": {
        "precision": 0.9907290007770061,
        "recall": 0.9905509619643019,
        "f1-score": 0.9906246023061772,
        "support": 1573811.0
      }
    },
    {
      "0": {
        "precision": 0.7414865265028131,
        "recall": 0.7228637413394919,
        "f1-score": 0.7320567168542611,
        "support": 3464.0
      },
      "1": {
        "precision": 0.999976836624077,
        "recall": 0.9993712636951546,
        "f1-score": 0.99967395845008,
        "support": 1079944.0
      },
      "2": {
        "precision": 0.9980422022874909,
        "recall": 0.9998509377194256,
        "f1-score": 0.9989457512600036,
        "support": 254927.0
      },
      "3": {
        "precision": 0.9999226794159719,
        "recall": 0.9998582547291377,
        "f1-score": 0.999890466034806,
        "support": 77604.0
      },
      "4": {
        "precision": 0.9458195346436712,
        "recall": 0.9304724026317459,
        "f1-score": 0.9380832026959295,
        "support": 94538.0
      },
      "5": {
        "precision": 0.9003808099601801,
        "recall": 0.9130986809621218,
        "f1-score": 0.9066951504592136,
        "support": 56708.0
      },
      "6": {
        "precision": 0.6447729948972917,
        "recall": 0.7437367944461213,
        "f1-score": 0.6907281519377672,
        "support": 6626.0
      },
      "accuracy": 0.9905407955593143,
      "macro avg": {
        "precision": 0.8900573691902135,
        "recall": 0.9013217250747427,
        "f1-score": 0.8951533425274373,
        "support": 1573811.0
      },
      "weighted avg": {
        "precision": 0.9907545101009289,
        "recall": 0.9905407955593143,
        "f1-score": 0.9906269712517378,
        "support": 1573811.0
      }
    },
    {
      "0": {
        "precision": 0.7383427383427383,
        "recall": 0.7176674364896074,
        "f1-score": 0.7278582930756844,
        "support": 3464.0
      },
      "1": {
        "precision": 0.9999175489240598,
        "recall": 0.9994388603123308,
        "f1-score": 0.9996781473140582,
        "support": 1079945.0
      },
      "2": {
        "precision": 0.9987810470453129,
        "recall": 0.9996038081489995,
        "f1-score": 0.9991922582264187,
        "support": 254927.0
      },
      "3": {
        "precision": 0.9997809588846942,
        "recall": 0.9998840251021224,
        "f1-score": 0.9998324893373021,
        "support": 77603.0
      },
      "4": {
        "precision": 0.9426191677310636,
        "recall": 0.9289492056104424,
        "f1-score": 0.9357342638715005,
        "support": 94538.0
      },
      "5": {
        "precision": 0.8997773215963258,
        "recall": 0.9120582633843549,
        "f1-score": 0.9058761712934583,
        "support": 56708.0
      },
      "6": {
        "precision": 0.6435227720173251,
        "recall": 0.7399637790522186,
        "f1-score": 0.6883818883818884,
        "support": 6626.0
      },
      "accuracy": 0.9903921118863701,
      "macro avg": {
        "precision": 0.8889630792202171,
        "recall": 0.8996521968714395,
        "f1-score": 0.8937933587857588,
        "support": 1573811.0
      },
      "weighted avg": {
        "precision": 0.9906003449399533,
        "recall": 0.9903921118863701,
        "f1-score": 0.9904771878981883,
        "support": 1573811.0
      }
    }
  ]
}