{
  "params": {
    "n_estimators": 516,
    "max_depth": 11,
    "learning_rate": 0.13276874958521645,
    "subsample": 0.6960933037608913,
    "colsample_bytree": 0.806320764052015,
    "colsample_bylevel": 0.6152823501394724,
    "min_child_weight": 9,
    "gamma": 3.10930797300106,
    "reg_alpha": 2.502545202711306,
    "reg_lambda": 0.6332204561724426,
    "objective": "multi:softprob",
    "num_class": 7,
    "eval_metric": "mlogloss",
    "device": "cuda",
    "tree_method": "hist",
    "random_state": 42
  },
  "score": 0.8905077870666845,
  "reports": [
    {
      "0": {
        "precision": 0.733175214942188,
        "recall": 0.7141207045913948,
        "f1-score": 0.7235225277940316,
        "support": 3463.0
      },
      "1": {
        "precision": 0.9999416287794207,
        "recall": 0.9993444104509123,
        "f1-score": 0.9996429304158911,
        "support": 1079944.0
      },
      "2": {
        "precision": 0.9984485129623608,
        "recall": 0.9996704939060986,
        "f1-score": 0.9990591297734462,
        "support": 254927.0
      },
      "3": {
        "precision": 0.9996908093066399,
        "recall": 0.9999226843977115,
        "f1-score": 0.999806733408063,
        "support": 77604.0
      },
      "4": {
        "precision": 0.9448031749436877,
        "recall": 0.93173115572574,
        "f1-score": 0.9382216352094074,
        "support": 94538.0
      },
      "5": {
        "precision": 0.9032748231595494,
        "recall": 0.9119716447124795,
        "f1-score": 0.9076024007581341,
        "support": 56709.0
      },
      "6": {
        "precision": 0.6404465546002823,
        "recall": 0.7532447932387564,
        "f1-score": 0.6922810181011165,
        "support": 6626.0
      },
      "accuracy": 0.9905522327649254,
      "macro avg": {
        "precision": 0.8885401026705896,
        "recall": 0.9014294124318704,
        "f1-score": 0.8943051964942985,
        "support": 1573811.0
      },
      "weighted avg": {
        "precision": 0.9907915570036415,
        "recall": 0.9905522327649254,
        "f1-score": 0.9906487928943962,
        "support": 1573811.0
      }
    },
    {
      "0": {
        "precision": 0.7222860425043078,
        "recall": 0.726039260969977,
        "f1-score": 0.7241577886553412,
        "support": 3464.0
      },
      "1": {
        "precision": 0.9999759094417384,
        "recall": 0.9993434844769729,
        "f1-score": 0.999659596934983,
        "support": 1079944.0
      },
      "2": {
        "precision": 0.9980381714661634,
        "recall": 0.9997881746539206,
        "f1-score": 0.9989124065992424,
        "support": 254927.0
      },
      "3": {
        "precision": 0.9998969072164948,
        "recall": 0.999845368795423,
        "f1-score": 0.9998711373418211,
        "support": 77604.0
      },
      "4": {
        "precision": 0.9481725422447768,
        "recall": 0.9288857390678881,
        "f1-score": 0.9384300545542952,
        "support": 94538.0
      },
      "5": {
        "precision": 0.9011309740970449,
        "recall": 0.914685758623122,
        "f1-score": 0.9078577741994767,
        "support": 56708.0
      },
      "6": {
        "precision": 0.6305885324576913,
        "recall": 0.7535466344702686,
        "f1-score": 0.6866061606160616,
        "support": 6626.0
      },
      "accuracy": 0.9905210981496507,
      "macro avg": {
        "precision": 0.8857270113468882,
        "recall": 0.9031620601510817,
        "f1-score": 0.893642131271603,
        "support": 1573811.0
      },
      "weighted avg": {
        "precision": 0.9908183445256538,
        "recall": 0.9905210981496507,
        "f1-score": 0.9906387493343578,
        "support": 1573811.0
      }
    },
    {
      "0": {
        "precision": 0.7313650979245835,
        "recall": 0.7222863741339491,
        "f1-score": 0.726797385620915,
        "support": 3464.0
      },
      "1": {
        "precision": 0.9999249571978092,
        "recall": 0.99940552528138,
        "f1-score": 0.9996651737646278,
        "support": 1079945.0
      },
      "2": {
        "precision": 0.9987849426963298,
        "recall": 0.9995881173826232,
        "f1-score": 0.9991863686357852,
        "support": 254927.0
      },
      "3": {
        "precision": 0.9997551924960058,
        "recall": 0.9998711390023581,
        "f1-score": 0.9998131623876558,
        "support": 77603.0
      },
      "4": {
        "precision": 0.9446268801343684,
        "recall": 0.9280500962575895,
        "f1-score": 0.936265120026465,
        "support": 94538.0
      },
      "5": {
        "precision": 0.9015362641956386,
        "recall": 0.9127283628412217,
        "f1-score": 0.9070977917981072,
        "support": 56708.0
      },
      "6": {
        "precision": 0.6314138752979551,
        "recall": 0.7595834591005132,
        "f1-score": 0.6895937521408508,
        "support": 6626.0
      },
      "accuracy": 0.9904289651044503,
      "macro avg": {
        "precision": 0.8867724585632415,
        "recall": 0.9030732962856621,
        "f1-score": 0.8940598220534868,
        "support": 1573811.0
      },
      "weighted avg": {
        "precision": 0.9907224315321769,
        "recall": 0.9904289651044503,
        "f1-score": 0.9905450515716628,
        "support": 1573811.0
      }
    }
  ]
}