{
  "params": {
    "n_estimators": 284,
    "max_depth": 10,
    "learning_rate": 0.16128837590584422,
    "subsample": 0.6024235296152831,
    "colsample_bytree": 0.5062122888095086,
    "colsample_bylevel": 0.8637527220200054,
    "min_child_weight": 7,
    "gamma": 1.3596982965135298,
    "reg_alpha": 1.0283249818111957,
    "reg_lambda": 0.5023477246703165,
    "objective": "multi:softprob",
    "num_class": 7,
    "eval_metric": "mlogloss",
    "device": "cuda",
    "tree_method": "hist",
    "random_state": 42
  },
  "score": 0.8853171719219578,
  "reports": [
    {
      "0": {
        "precision": 0.6989550974301045,
        "recall": 0.7146982385215132,
        "f1-score": 0.7067390062821245,
        "support": 3463.0
      },
      "1": {
        "precision": 0.999944413511593,
        "recall": 0.9994397857666694,
        "f1-score": 0.9996920359572333,
        "support": 1079944.0
      },
      "2": {
        "precision": 0.9986207328923858,
        "recall": 0.9997214888968214,
        "f1-score": 0.9991708077273663,
        "support": 254927.0
      },
      "3": {
        "precision": 0.999793846312426,
        "recall": 0.9998969125302819,
        "f1-score": 0.999845376765282,
        "support": 77604.0
      },
      "4": {
        "precision": 0.9437514078237458,
        "recall": 0.9306839577735937,
        "f1-score": 0.9371721335484936,
        "support": 94538.0
      },
      "5": {
        "precision": 0.9056756709132878,
        "recall": 0.9063464353100918,
        "f1-score": 0.9060109289617486,
        "support": 56709.0
      },
      "6": {
        "precision": 0.6188824185354974,
        "recall": 0.7538484757017808,
        "f1-score": 0.6797305572565829,
        "support": 6626.0
      },
      "accuracy": 0.9903628834720306,
      "macro avg": {
        "precision": 0.8808033696312915,
        "recall": 0.900662184928679,
        "f1-score": 0.8897658352141188,
        "support": 1573811.0
      },
      "weighted avg": {
        "precision": 0.9906836891792788,
        "recall": 0.9903628834720306,
        "f1-score": 0.990492325941833,
        "support": 1573811.0
      }
    },
    {
      "0": {
        "precision": 0.6907498631636563,
        "recall": 0.7286374133949192,
        "f1-score": 0.7091879741500422,
        "support": 3464.0
      },
      "1": {
        "precision": 0.9999805434853103,
        "recall": 0.9994120065484877,
        "f1-score": 0.9996961941837859,
        "support": 1079944.0
      },
      "2": {
        "precision": 0.9981868379315071,
        "recall": 0.9998627057942078,
        "f1-score": 0.9990240690441756,
        "support": 254927.0
      },
      "3": {
        "precision": 0.9999484516153975,
        "recall": 0.9998582547291377,
        "f1-score": 0.9999033511382014,
        "support": 77604.0
      },
      "4": {
        "precision": 0.946212929149296,
        "recall": 0.9291078719668282,
        "f1-score": 0.9375823917765669,
        "support": 94538.0
      },
      "5": {
        "precision": 0.9055618096109196,
        "recall": 0.907861324680821,
        "f1-score": 0.9067101091933779,
        "support": 56708.0
      },
      "6": {
        "precision": 0.6087381010495484,
        "recall": 0.7527920313914881,
        "f1-score": 0.6731443994601889,
        "support": 6626.0
      },
      "accuracy": 0.9903508108661078,
      "macro avg": {
        "precision": 0.8784826480008049,
        "recall": 0.9025045155008414,
        "f1-score": 0.8893212127066199,
        "support": 1573811.0
      },
      "weighted avg": {
        "precision": 0.9907286814649994,
        "recall": 0.9903508108661078,
        "f1-score": 0.990501641049502,
        "support": 1573811.0
      }
    },
    {
      "0": {
        "precision": 0.7140401146131805,
        "recall": 0.7193995381062356,
        "f1-score": 0.7167098073051481,
        "support": 3464.0
      },
      "1": {
        "precision": 0.9999268135645036,
        "recall": 0.9994546018547241,
        "f1-score": 0.9996906519463921,
        "support": 1079945.0
      },
      "2": {
        "precision": 0.9988241565282829,
        "recall": 0.9996430350649401,
        "f1-score": 0.9992334280275181,
        "support": 254927.0
      },
      "3": {
        "precision": 0.9998711373418211,
        "recall": 0.999858252902594,
        "f1-score": 0.9998646950806998,
        "support": 77603.0
      },
      "4": {
        "precision": 0.9425465005205482,
        "recall": 0.9289174723391652,
        "f1-score": 0.9356823593967258,
        "support": 94538.0
      },
      "5": {
        "precision": 0.9047819897717088,
        "recall": 0.907861324680821,
        "f1-score": 0.9063190416252234,
        "support": 56708.0
      },
      "6": {
        "precision": 0.6181277860326895,
        "recall": 0.7533957138545125,
        "f1-score": 0.6790912800979458,
        "support": 6626.0
      },
      "accuracy": 0.990315228448651,
      "macro avg": {
        "precision": 0.8825883569103906,
        "recall": 0.9012185626861419,
        "f1-score": 0.8909416090685218,
        "support": 1573811.0
      },
      "weighted avg": {
        "precision": 0.9906336886111479,
        "recall": 0.990315228448651,
        "f1-score": 0.9904432119580623,
        "support": 1573811.0
      }
    }
  ]
}