{
  "params": {
    "n_estimators": 862,
    "max_depth": 15,
    "learning_rate": 0.01065225112180507,
    "subsample": 0.6331603975033514,
    "colsample_bytree": 0.917580092537612,
    "colsample_bylevel": 0.8227634003427793,
    "min_child_weight": 9,
    "gamma": 2.4607028730936897,
    "reg_alpha": 0.6550889675285564,
    "reg_lambda": 2.3202253596715536,
    "objective": "multi:softprob",
    "num_class": 7,
    "eval_metric": "mlogloss",
    "device": "cuda",
    "tree_method": "hist",
    "random_state": 42
  },
  "score": 0.8425361399304655,
  "reports": [
    {
      "0": {
        "precision": 0.4522596548890715,
        "recall": 0.7946866878429107,
        "f1-score": 0.5764558022622539,
        "support": 3463.0
      },
      "1": {
        "precision": 0.9999369970184766,
        "recall": 0.9993536701903062,
        "f1-score": 0.9996452485066629,
        "support": 1079944.0
      },
      "2": {
        "precision": 0.9985423083253003,
        "recall": 0.9996038081489995,
        "f1-score": 0.9990727762803234,
        "support": 254927.0
      },
      "3": {
        "precision": 0.9997680830777952,
        "recall": 0.9998969125302819,
        "f1-score": 0.9998324936540866,
        "support": 77604.0
      },
      "4": {
        "precision": 0.9619231900785299,
        "recall": 0.8992045526666526,
        "f1-score": 0.9295070853743876,
        "support": 94538.0
      },
      "5": {
        "precision": 0.9220935314685315,
        "recall": 0.8928741469607999,
        "f1-score": 0.9072486360093531,
        "support": 56709.0
      },
      "6": {
        "precision": 0.45403605652103296,
        "recall": 0.8437971626924238,
        "f1-score": 0.5903907074973601,
        "support": 6626.0
      },
      "accuracy": 0.9884630365399657,
      "macro avg": {
        "precision": 0.8269371173398197,
        "recall": 0.9184881344331962,
        "f1-score": 0.8574503927977755,
        "support": 1573811.0
      },
      "weighted avg": {
        "precision": 0.991110922707248,
        "recall": 0.9884630365399657,
        "f1-score": 0.9893650595511883,
        "support": 1573811.0
      }
    },
    {
      "0": {
        "precision": 0.4541078305519897,
        "recall": 0.8169745958429562,
        "f1-score": 0.5837458745874587,
        "support": 3464.0
      },
      "1": {
        "precision": 0.9999796150203942,
        "recall": 0.9993147792848518,
        "f1-score": 0.9996470866119852,
        "support": 1079944.0
      },
      "2": {
        "precision": 0.997971689801672,
        "recall": 0.9997646385043562,
        "f1-score": 0.9988673595761025,
        "support": 254927.0
      },
      "3": {
        "precision": 0.9999097903269456,
        "recall": 0.9998195969279934,
        "f1-score": 0.999864691593482,
        "support": 77604.0
      },
      "4": {
        "precision": 0.9650097731715078,
        "recall": 0.898231399014153,
        "f1-score": 0.9304239210229327,
        "support": 94538.0
      },
      "5": {
        "precision": 0.9184735315445975,
        "recall": 0.8934012837694858,
        "f1-score": 0.9057639360675082,
        "support": 56708.0
      },
      "6": {
        "precision": 0.45501432664756447,
        "recall": 0.838816782372472,
        "f1-score": 0.5899899156095748,
        "support": 6626.0
      },
      "accuracy": 0.9884471515321726,
      "macro avg": {
        "precision": 0.8272095081520959,
        "recall": 0.9209032965308955,
        "f1-score": 0.8583289692955777,
        "support": 1573811.0
      },
      "weighted avg": {
        "precision": 0.9911175859836445,
        "recall": 0.9884471515321726,
        "f1-score": 0.9893503597495213,
        "support": 1573811.0
      }
    },
    {
      "0": {
        "precision": 0.462708781213825,
        "recall": 0.8077367205542725,
        "f1-score": 0.5883713594784986,
        "support": 3464.0
      },
      "1": {
        "precision": 0.9999268090215756,
        "recall": 0.9993925616582326,
        "f1-score": 0.9996596139605514,
        "support": 1079945.0
      },
      "2": {
        "precision": 0.9987574377346953,
        "recall": 0.9995057408591479,
        "f1-score": 0.9991314491858562,
        "support": 254927.0
      },
      "3": {
        "precision": 0.9998196108748872,
        "recall": 0.9999097973016507,
        "f1-score": 0.999864702054596,
        "support": 77603.0
      },
      "4": {
        "precision": 0.9610019023462271,
        "recall": 0.8977130889166262,
        "f1-score": 0.9282800109379272,
        "support": 94538.0
      },
      "5": {
        "precision": 0.9205906988601187,
        "recall": 0.8915320589687522,
        "f1-score": 0.9058283912350169,
        "support": 56708.0
      },
      "6": {
        "precision": 0.4482231870075575,
        "recall": 0.841382432840326,
        "f1-score": 0.5848720100713386,
        "support": 6626.0
      },
      "accuracy": 0.988355018486972,
      "macro avg": {
        "precision": 0.8272897752941265,
        "recall": 0.9195960572998583,
        "f1-score": 0.8580010767033978,
        "support": 1573811.0
      },
      "weighted avg": {
        "precision": 0.9910300548230544,
        "recall": 0.988355018486972,
        "f1-score": 0.9892639062955745,
        "support": 1573811.0
      }
    }
  ]
}