{
  "params": {
    "n_estimators": 764,
    "max_depth": 13,
    "learning_rate": 0.09362593273871699,
    "subsample": 0.6816425362341606,
    "colsample_bytree": 0.8898906626494124,
    "colsample_bylevel": 0.5386565440481612,
    "min_child_weight": 17,
    "gamma": 0.01326992133127819,
    "reg_alpha": 0.9328283278527769,
    "reg_lambda": 1.5015351347873644,
    "objective": "multi:softprob",
    "num_class": 7,
    "eval_metric": "mlogloss",
    "device": "cuda",
    "tree_method": "hist",
    "random_state": 42
  },
  "score": 0.9162186424859634,
  "reports": [
    {
      "0": {
        "precision": 0.8487455197132616,
        "recall": 0.6838001732601791,
        "f1-score": 0.757396449704142,
        "support": 3463.0
      },
      "1": {
        "precision": 0.999924044535838,
        "recall": 0.9995870156230323,
        "f1-score": 0.9997555016753692,
        "support": 1079944.0
      },
      "2": {
        "precision": 0.9988633201243292,
        "recall": 0.9996548031397223,
        "f1-score": 0.9992589049045595,
        "support": 254927.0
      },
      "3": {
        "precision": 0.9999355695011791,
        "recall": 0.9999226843977115,
        "f1-score": 0.9999291269079359,
        "support": 77604.0
      },
      "4": {
        "precision": 0.9344691732762295,
        "recall": 0.9508874738200512,
        "f1-score": 0.9426068355903678,
        "support": 94538.0
      },
      "5": {
        "precision": 0.9122204924992924,
        "recall": 0.9093089280361142,
        "f1-score": 0.9107623833199396,
        "support": 56709.0
      },
      "6": {
        "precision": 0.7774991641591441,
        "recall": 0.7019317838816782,
        "f1-score": 0.7377855329949239,
        "support": 6626.0
      },
      "accuracy": 0.9914881774240999,
      "macro avg": {
        "precision": 0.9245224691156106,
        "recall": 0.8921561231654983,
        "f1-score": 0.9067849621567482,
        "support": 1573811.0
      },
      "weighted avg": {
        "precision": 0.99139164468029,
        "recall": 0.9914881774240999,
        "f1-score": 0.9914078311704235,
        "support": 1573811.0
      }
    },
    {
      "0": {
        "precision": 0.855366027007818,
        "recall": 0.6948614318706697,
        "f1-score": 0.7668047148773495,
        "support": 3464.0
      },
      "1": {
        "precision": 0.9999666496827088,
        "recall": 0.9995092338121236,
        "f1-score": 0.9997378894263854,
        "support": 1079944.0
      },
      "2": {
        "precision": 0.9984252832139892,
        "recall": 0.9998234788782671,
        "f1-score": 0.9991238918800261,
        "support": 254927.0
      },
      "3": {
        "precision": 0.999961339707986,
        "recall": 0.9998969125302819,
        "f1-score": 0.9999291250813451,
        "support": 77604.0
      },
      "4": {
        "precision": 0.935669161645435,
        "recall": 0.9494065878271172,
        "f1-score": 0.9424878192204301,
        "support": 94538.0
      },
      "5": {
        "precision": 0.9094313746175757,
        "recall": 0.9120935317768216,
        "f1-score": 0.9107605078269444,
        "support": 56708.0
      },
      "6": {
        "precision": 0.7762619372442019,
        "recall": 0.6869906429218231,
        "f1-score": 0.7289031224979984,
        "support": 6626.0
      },
      "accuracy": 0.9914335329972913,
      "macro avg": {
        "precision": 0.925011681874245,
        "recall": 0.8917974028024435,
        "f1-score": 0.9068210101157828,
        "support": 1573811.0
      },
      "weighted avg": {
        "precision": 0.9913321044361231,
        "recall": 0.9914335329972913,
        "f1-score": 0.9913498732821914,
        "support": 1573811.0
      }
    },
    {
      "0": {
        "precision": 0.8709677419354839,
        "recall": 0.6937066974595842,
        "f1-score": 0.7722963201028443,
        "support": 3464.0
      },
      "1": {
        "precision": 0.9999101510758714,
        "recall": 0.9995814601669529,
        "f1-score": 0.9997457786051164,
        "support": 1079945.0
      },
      "2": {
        "precision": 0.9990081659695079,
        "recall": 0.9996194989153758,
        "f1-score": 0.9993137389462952,
        "support": 254927.0
      },
      "3": {
        "precision": 0.9998969125302819,
        "recall": 0.9999097973016507,
        "f1-score": 0.999903354874458,
        "support": 77603.0
      },
      "4": {
        "precision": 0.9341547498776207,
        "recall": 0.9487296113732044,
        "f1-score": 0.9413857707385425,
        "support": 94538.0
      },
      "5": {
        "precision": 0.9108046625637046,
        "recall": 0.9107886012555547,
        "f1-score": 0.910796631838822,
        "support": 56708.0
      },
      "6": {
        "precision": 0.7677952105697771,
        "recall": 0.701629942650166,
        "f1-score": 0.7332229319454302,
        "support": 6626.0
      },
      "accuracy": 0.9914220957916802,
      "macro avg": {
        "precision": 0.926076799217464,
        "recall": 0.8934236584460697,
        "f1-score": 0.9080949324359298,
        "support": 1573811.0
      },
      "weighted avg": {
        "precision": 0.9913417804327973,
        "recall": 0.9914220957916802,
        "f1-score": 0.9913501439783369,
        "support": 1573811.0
      }
    }
  ]
}