{
  "params": {
    "n_estimators": 647,
    "max_depth": 13,
    "learning_rate": 0.09427401761855035,
    "subsample": 0.682320847794154,
    "colsample_bytree": 0.8795156322351474,
    "colsample_bylevel": 0.5390022207242292,
    "min_child_weight": 15,
    "gamma": 0.29603379232045224,
    "reg_alpha": 1.1304921805448338,
    "reg_lambda": 1.5206709747479192,
    "objective": "multi:softprob",
    "num_class": 7,
    "eval_metric": "mlogloss",
    "device": "cuda",
    "tree_method": "hist",
    "random_state": 42
  },
  "score": 0.91486146401071,
  "reports": [
    {
      "0": {
        "precision": 0.844062947067239,
        "recall": 0.6814900375397055,
        "f1-score": 0.7541140757309475,
        "support": 3463.0
      },
      "1": {
        "precision": 0.9999249669993747,
        "recall": 0.9995370130303053,
        "f1-score": 0.9997309523776446,
        "support": 1079944.0
      },
      "2": {
        "precision": 0.9987263093539841,
        "recall": 0.9996548031397223,
        "f1-score": 0.9991903405470789,
        "support": 254927.0
      },
      "3": {
        "precision": 0.9998453787576184,
        "recall": 0.9999097984639967,
        "f1-score": 0.9998775875732059,
        "support": 77604.0
      },
      "4": {
        "precision": 0.9349037249940121,
        "recall": 0.9496287207260572,
        "f1-score": 0.9422086951958649,
        "support": 94538.0
      },
      "5": {
        "precision": 0.911098167955099,
        "recall": 0.910278791726181,
        "f1-score": 0.9106882955357379,
        "support": 56709.0
      },
      "6": {
        "precision": 0.7738726790450928,
        "recall": 0.7044974343495322,
        "f1-score": 0.7375572760309685,
        "support": 6626.0
      },
      "accuracy": 0.9914182833898099,
      "macro avg": {
        "precision": 0.9232048820246314,
        "recall": 0.8921423712822144,
        "f1-score": 0.9061953175702069,
        "support": 1573811.0
      },
      "weighted avg": {
        "precision": 0.9913257283854658,
        "recall": 0.9914182833898099,
        "f1-score": 0.9913425688461954,
        "support": 1573811.0
      }
    },
    {
      "0": {
        "precision": 0.8469387755102041,
        "recall": 0.6948614318706697,
        "f1-score": 0.7633999365683476,
        "support": 3464.0
      },
      "1": {
        "precision": 0.9999768387915037,
        "recall": 0.9994647870630329,
        "f1-score": 0.9997207473597195,
        "support": 1079944.0
      },
      "2": {
        "precision": 0.9982650311746092,
        "recall": 0.9998666284858018,
        "f1-score": 0.9990651879520953,
        "support": 254927.0
      },
      "3": {
        "precision": 0.9999355678406207,
        "recall": 0.9998969125302819,
        "f1-score": 0.9999162398118617,
        "support": 77604.0
      },
      "4": {
        "precision": 0.9363490207541655,
        "recall": 0.9487296113732044,
        "f1-score": 0.9424986601935627,
        "support": 94538.0
      },
      "5": {
        "precision": 0.9101657341919138,
        "recall": 0.9122522395429217,
        "f1-score": 0.9112077924365456,
        "support": 56708.0
      },
      "6": {
        "precision": 0.7680798004987531,
        "recall": 0.6972532447932388,
        "f1-score": 0.7309548295229807,
        "support": 6626.0
      },
      "accuracy": 0.9914182833898099,
      "macro avg": {
        "precision": 0.9228158241088241,
        "recall": 0.8931892650941646,
        "f1-score": 0.9066804848350162,
        "support": 1573811.0
      },
      "weighted avg": {
        "precision": 0.9913261703316912,
        "recall": 0.9914182833898099,
        "f1-score": 0.9913458780893202,
        "support": 1573811.0
      }
    },
    {
      "0": {
        "precision": 0.8587387387387387,
        "recall": 0.687933025404157,
        "f1-score": 0.763904471870492,
        "support": 3464.0
      },
      "1": {
        "precision": 0.9999166318527459,
        "recall": 0.9995499770821662,
        "f1-score": 0.9997332708495601,
        "support": 1079945.0
      },
      "2": {
        "precision": 0.9989690115447186,
        "recall": 0.9996273442985639,
        "f1-score": 0.9992980694950414,
        "support": 254927.0
      },
      "3": {
        "precision": 0.9999484536082475,
        "recall": 0.9999097973016507,
        "f1-score": 0.9999291250813451,
        "support": 77603.0
      },
      "4": {
        "precision": 0.9342566327381946,
        "recall": 0.9475977913643191,
        "f1-score": 0.9408799218594099,
        "support": 94538.0
      },
      "5": {
        "precision": 0.9099855638885954,
        "recall": 0.9114939691048882,
        "f1-score": 0.9107391419258215,
        "support": 56708.0
      },
      "6": {
        "precision": 0.7635201573254671,
        "recall": 0.7031391488077271,
        "f1-score": 0.7320867379006913,
        "support": 6626.0
      },
      "accuracy": 0.991352837157702,
      "macro avg": {
        "precision": 0.9236193128138154,
        "recall": 0.892750150480496,
        "f1-score": 0.906652962711766,
        "support": 1573811.0
      },
      "weighted avg": {
        "precision": 0.9912741177268825,
        "recall": 0.991352837157702,
        "f1-score": 0.9912845819303854,
        "support": 1573811.0
      }
    }
  ]
}