{
  "params": {
    "n_estimators": 502,
    "max_depth": 11,
    "learning_rate": 0.013772096012656833,
    "subsample": 0.6526559306273814,
    "colsample_bytree": 0.9699892186852592,
    "colsample_bylevel": 0.9908996897466649,
    "min_child_weight": 13,
    "gamma": 3.064904004436773,
    "reg_alpha": 1.436784352663468,
    "reg_lambda": 2.1933966707010315,
    "objective": "multi:softprob",
    "num_class": 7,
    "eval_metric": "mlogloss",
    "device": "cuda",
    "tree_method": "hist",
    "random_state": 42
  },
  "score": 0.7945923327606739,
  "reports": [
    {
      "0": {
        "precision": 0.25494054239028147,
        "recall": 0.8605255558764078,
        "f1-score": 0.39334741288278774,
        "support": 3463.0
      },
      "1": {
        "precision": 0.9999314259237808,
        "recall": 0.9991731052721252,
        "f1-score": 0.999552121771004,
        "support": 1079944.0
      },
      "2": {
        "precision": 0.9983426063788104,
        "recall": 0.9994900500927717,
        "f1-score": 0.998915998721937,
        "support": 254927.0
      },
      "3": {
        "precision": 0.9997423211708926,
        "recall": 0.9998969125302819,
        "f1-score": 0.9998196108748872,
        "support": 77604.0
      },
      "4": {
        "precision": 0.9767618810028689,
        "recall": 0.8283124246334808,
        "f1-score": 0.8964329051903748,
        "support": 94538.0
      },
      "5": {
        "precision": 0.9441485703055911,
        "recall": 0.8471847502160151,
        "f1-score": 0.8930423629570422,
        "support": 56709.0
      },
      "6": {
        "precision": 0.3133570606092327,
        "recall": 0.9035617265318443,
        "f1-score": 0.4653349914503342,
        "support": 6626.0
      },
      "accuracy": 0.982812421567774,
      "macro avg": {
        "precision": 0.783889201111637,
        "recall": 0.9197349321647038,
        "f1-score": 0.806635057692624,
        "support": 1573811.0
      },
      "weighted avg": {
        "precision": 0.9917330807243765,
        "recall": 0.982812421567774,
        "f1-score": 0.9858470690434675,
        "support": 1573811.0
      }
    },
    {
      "0": {
        "precision": 0.24688057040998218,
        "recall": 0.8796189376443418,
        "f1-score": 0.3855497912185246,
        "support": 3464.0
      },
      "1": {
        "precision": 0.9999684931671873,
        "recall": 0.9992157000733372,
        "f1-score": 0.9995919548880886,
        "support": 1079944.0
      },
      "2": {
        "precision": 0.9979128732256486,
        "recall": 0.9996665712145045,
        "f1-score": 0.9987889524242507,
        "support": 254927.0
      },
      "3": {
        "precision": 0.9998840131451768,
        "recall": 0.9997680531931343,
        "f1-score": 0.9998260298068931,
        "support": 77604.0
      },
      "4": {
        "precision": 0.9818018678360652,
        "recall": 0.8217753707503861,
        "f1-score": 0.8946892616328951,
        "support": 94538.0
      },
      "5": {
        "precision": 0.941641087802303,
        "recall": 0.8493334273823799,
        "f1-score": 0.8931084676933347,
        "support": 56708.0
      },
      "6": {
        "precision": 0.31162912519643793,
        "recall": 0.897826743133112,
        "f1-score": 0.4626691553896407,
        "support": 6626.0
      },
      "accuracy": 0.9825665216471355,
      "macro avg": {
        "precision": 0.7828168615404001,
        "recall": 0.9210292576273137,
        "f1-score": 0.8048890875790897,
        "support": 1573811.0
      },
      "weighted avg": {
        "precision": 0.9918828404693377,
        "recall": 0.9825665216471355,
        "f1-score": 0.9857230781358436,
        "support": 1573811.0
      }
    },
    {
      "0": {
        "precision": 0.2532196019401238,
        "recall": 0.874133949191686,
        "f1-score": 0.39268577357022433,
        "support": 3464.0
      },
      "1": {
        "precision": 0.9999351386411546,
        "recall": 0.9992684812652496,
        "f1-score": 0.9996016988009281,
        "support": 1079945.0
      },
      "2": {
        "precision": 0.9986242577458992,
        "recall": 0.9994390551020488,
        "f1-score": 0.9990314902894158,
        "support": 254927.0
      },
      "3": {
        "precision": 0.9997036807998042,
        "recall": 0.9999097973016507,
        "f1-score": 0.9998067284276714,
        "support": 77603.0
      },
      "4": {
        "precision": 0.9783477932855527,
        "recall": 0.82303412384438,
        "f1-score": 0.8939954500540019,
        "support": 94538.0
      },
      "5": {
        "precision": 0.9419813902572524,
        "recall": 0.8497566480919799,
        "f1-score": 0.8934955128680561,
        "support": 56708.0
      },
      "6": {
        "precision": 0.31160100062539087,
        "recall": 0.9023543616057953,
        "f1-score": 0.46323700317657085,
        "support": 6626.0
      },
      "accuracy": 0.9826707272982588,
      "macro avg": {
        "precision": 0.783344694756454,
        "recall": 0.921128059486113,
        "f1-score": 0.8059790938838383,
        "support": 1573811.0
      },
      "weighted avg": {
        "precision": 0.991784902689662,
        "recall": 0.9826707272982588,
        "f1-score": 0.9857584653979248,
        "support": 1573811.0
      }
    }
  ]
}