{
  "params": {
    "n_estimators": 379,
    "max_depth": 14,
    "learning_rate": 0.04720437105405934,
    "subsample": 0.7612139466267426,
    "colsample_bytree": 0.9472473447910562,
    "colsample_bylevel": 0.6389896843159479,
    "min_child_weight": 12,
    "gamma": 0.723804939650418,
    "reg_alpha": 1.6238585335723164,
    "reg_lambda": 1.950397525782327,
    "objective": "multi:softprob",
    "num_class": 7,
    "eval_metric": "mlogloss",
    "device": "cuda",
    "tree_method": "hist",
    "random_state": 42
  },
  "score": 0.8864876531188678,
  "reports": [
    {
      "0": {
        "precision": 0.6878048780487804,
        "recall": 0.7328905573202426,
        "f1-score": 0.7096323221026143,
        "support": 3463.0
      },
      "1": {
        "precision": 0.9999258867419719,
        "recall": 0.9994490455060633,
        "f1-score": 0.9996874092618552,
        "support": 1079944.0
      },
      "2": {
        "precision": 0.9985854231974922,
        "recall": 0.9996548031397223,
        "f1-score": 0.9991198270234667,
        "support": 254927.0
      },
      "3": {
        "precision": 0.9998196108748872,
        "recall": 0.9998969125302819,
        "f1-score": 0.9998582602084863,
        "support": 77604.0
      },
      "4": {
        "precision": 0.94636939806325,
        "recall": 0.9334659078888913,
        "f1-score": 0.9398733671659912,
        "support": 94538.0
      },
      "5": {
        "precision": 0.9108611450098159,
        "recall": 0.9081627254933079,
        "f1-score": 0.9095099337748345,
        "support": 56709.0
      },
      "6": {
        "precision": 0.624938210578349,
        "recall": 0.7632055538786598,
        "f1-score": 0.6871857589346378,
        "support": 6626.0
      },
      "accuracy": 0.9906704172229067,
      "macro avg": {
        "precision": 0.8811863646449352,
        "recall": 0.9052465008224527,
        "f1-score": 0.8921238397816981,
        "support": 1573811.0
      },
      "weighted avg": {
        "precision": 0.9910115971968134,
        "recall": 0.9906704172229067,
        "f1-score": 0.9908076235751518,
        "support": 1573811.0
      }
    },
    {
      "0": {
        "precision": 0.6803906043811032,
        "recall": 0.7442263279445728,
        "f1-score": 0.7108782572728526,
        "support": 3464.0
      },
      "1": {
        "precision": 0.9999786902469893,
        "recall": 0.9993990429133363,
        "f1-score": 0.9996887825562623,
        "support": 1079944.0
      },
      "2": {
        "precision": 0.9981633124601039,
        "recall": 0.9998234788782671,
        "f1-score": 0.9989927059367639,
        "support": 254927.0
      },
      "3": {
        "precision": 0.9999613392097735,
        "recall": 0.9998840265965672,
        "f1-score": 0.9999226814087447,
        "support": 77604.0
      },
      "4": {
        "precision": 0.9495809197113362,
        "recall": 0.9311493790856586,
        "f1-score": 0.9402748329692749,
        "support": 94538.0
      },
      "5": {
        "precision": 0.9084729687006007,
        "recall": 0.9120935317768216,
        "f1-score": 0.9102796501293536,
        "support": 56708.0
      },
      "6": {
        "precision": 0.6225671347622567,
        "recall": 0.7627527920313915,
        "f1-score": 0.6855670103092784,
        "support": 6626.0
      },
      "accuracy": 0.9906882084316351,
      "macro avg": {
        "precision": 0.8798735670674518,
        "recall": 0.9070469398895163,
        "f1-score": 0.8922291315117902,
        "support": 1573811.0
      },
      "weighted avg": {
        "precision": 0.9910668651883241,
        "recall": 0.9906882084316351,
        "f1-score": 0.9908388019626326,
        "support": 1573811.0
      }
    },
    {
      "0": {
        "precision": 0.6946026579875237,
        "recall": 0.7393187066974596,
        "f1-score": 0.7162634596559921,
        "support": 3464.0
      },
      "1": {
        "precision": 0.9999268148526941,
        "recall": 0.9994721953432814,
        "f1-score": 0.9996994534127319,
        "support": 1079945.0
      },
      "2": {
        "precision": 0.9988985359543735,
        "recall": 0.999635189681752,
        "f1-score": 0.9992667270538504,
        "support": 254927.0
      },
      "3": {
        "precision": 0.9998453747728941,
        "recall": 0.9998969112018865,
        "f1-score": 0.9998711423233039,
        "support": 77603.0
      },
      "4": {
        "precision": 0.946566692126467,
        "recall": 0.9307368465590556,
        "f1-score": 0.9385850289341049,
        "support": 94538.0
      },
      "5": {
        "precision": 0.909870866585628,
        "recall": 0.9107533328630881,
        "f1-score": 0.9103118858562981,
        "support": 56708.0
      },
      "6": {
        "precision": 0.6171609139523578,
        "recall": 0.7663748868095381,
        "f1-score": 0.6837215564831022,
        "support": 6626.0
      },
      "accuracy": 0.9906399180079438,
      "macro avg": {
        "precision": 0.8809816937474196,
        "recall": 0.9065982955937232,
        "f1-score": 0.8925313219599119,
        "support": 1573811.0
      },
      "weighted avg": {
        "precision": 0.991022468787892,
        "recall": 0.9906399180079438,
        "f1-score": 0.990791708119464,
        "support": 1573811.0
      }
    }
  ]
}