{
  "params": {
    "n_estimators": 596,
    "max_depth": 6,
    "learning_rate": 0.2526130102428505,
    "subsample": 0.6858038453666692,
    "colsample_bytree": 0.6547440839197356,
    "colsample_bylevel": 0.8010256600877301,
    "min_child_weight": 15,
    "gamma": 1.4969637596552288,
    "reg_alpha": 1.3415409336409887,
    "reg_lambda": 2.66189321871584,
    "objective": "multi:softprob",
    "num_class": 7,
    "eval_metric": "mlogloss",
    "device": "cuda",
    "tree_method": "hist",
    "random_state": 42
  },
  "score": 0.8643050860181042,
  "reports": [
    {
      "0": {
        "precision": 0.5964993090741594,
        "recall": 0.7479064395033208,
        "f1-score": 0.6636771300448431,
        "support": 3463.0
      },
      "1": {
        "precision": 0.9999416281304231,
        "recall": 0.9993332987636396,
        "f1-score": 0.9996373708973241,
        "support": 1079944.0
      },
      "2": {
        "precision": 0.9983429439969914,
        "recall": 0.999694030055663,
        "f1-score": 0.999018030219581,
        "support": 254927.0
      },
      "3": {
        "precision": 0.9997423211708926,
        "recall": 0.9998969125302819,
        "f1-score": 0.9998196108748872,
        "support": 77604.0
      },
      "4": {
        "precision": 0.9528352756044149,
        "recall": 0.9158962533584378,
        "f1-score": 0.9340006795713307,
        "support": 94538.0
      },
      "5": {
        "precision": 0.9115140493510199,
        "recall": 0.9015323846303056,
        "f1-score": 0.9064957401349326,
        "support": 56709.0
      },
      "6": {
        "precision": 0.518726410529372,
        "recall": 0.8089345004527618,
        "f1-score": 0.6321127424966094,
        "support": 6626.0
      },
      "accuracy": 0.9895286028627326,
      "macro avg": {
        "precision": 0.8539431339796105,
        "recall": 0.9104562598992016,
        "f1-score": 0.8763944720342154,
        "support": 1573811.0
      },
      "weighted avg": {
        "precision": 0.9907431618150956,
        "recall": 0.9895286028627326,
        "f1-score": 0.9899605273150432,
        "support": 1573811.0
      }
    },
    {
      "0": {
        "precision": 0.587855871886121,
        "recall": 0.7629907621247113,
        "f1-score": 0.6640703517587939,
        "support": 3464.0
      },
      "1": {
        "precision": 0.9999740571151141,
        "recall": 0.9993721896690939,
        "f1-score": 0.9996730328013864,
        "support": 1079944.0
      },
      "2": {
        "precision": 0.9980968939429538,
        "recall": 0.9998391696446434,
        "f1-score": 0.9989672721286932,
        "support": 254927.0
      },
      "3": {
        "precision": 0.9999355653496225,
        "recall": 0.9998582547291377,
        "f1-score": 0.999896908544993,
        "support": 77604.0
      },
      "4": {
        "precision": 0.9558086408800568,
        "recall": 0.9117074615498529,
        "f1-score": 0.9332373290600604,
        "support": 94538.0
      },
      "5": {
        "precision": 0.9070426526852771,
        "recall": 0.9030119207166537,
        "f1-score": 0.9050227987699269,
        "support": 56708.0
      },
      "6": {
        "precision": 0.5112774738458585,
        "recall": 0.8039541201328101,
        "f1-score": 0.6250513347022587,
        "support": 6626.0
      },
      "accuracy": 0.9893907209950877,
      "macro avg": {
        "precision": 0.8514273079578576,
        "recall": 0.9115334112238432,
        "f1-score": 0.8751312896808734,
        "support": 1573811.0
      },
      "weighted avg": {
        "precision": 0.9907019959541674,
        "recall": 0.9893907209950877,
        "f1-score": 0.9898526421138829,
        "support": 1573811.0
      }
    },
    {
      "0": {
        "precision": 0.6007309273640932,
        "recall": 0.7592378752886836,
        "f1-score": 0.6707472583524611,
        "support": 3464.0
      },
      "1": {
        "precision": 0.9999268098352758,
        "recall": 0.9994036733352162,
        "f1-score": 0.9996651731443854,
        "support": 1079945.0
      },
      "2": {
        "precision": 0.9986910738289225,
        "recall": 0.9996469577565342,
        "f1-score": 0.9991687871742293,
        "support": 254927.0
      },
      "3": {
        "precision": 0.9999226804123711,
        "recall": 0.9998840251021224,
        "f1-score": 0.9999033523836524,
        "support": 77603.0
      },
      "4": {
        "precision": 0.9524367851691259,
        "recall": 0.9108083521970002,
        "f1-score": 0.9311575395795484,
        "support": 94538.0
      },
      "5": {
        "precision": 0.9074510916798212,
        "recall": 0.9022183818861537,
        "f1-score": 0.9048271715197764,
        "support": 56708.0
      },
      "6": {
        "precision": 0.511195807527394,
        "recall": 0.8096891035315424,
        "f1-score": 0.6267157292214239,
        "support": 6626.0
      },
      "accuracy": 0.9893157437583039,
      "macro avg": {
        "precision": 0.852907882259572,
        "recall": 0.9115554812996074,
        "f1-score": 0.8760264301964966,
        "support": 1573811.0
      },
      "weighted avg": {
        "precision": 0.9906053512460822,
        "recall": 0.9893157437583039,
        "f1-score": 0.9897699306450873,
        "support": 1573811.0
      }
    }
  ]
}