{
  "params": {
    "n_estimators": 453,
    "max_depth": 3,
    "learning_rate": 0.05330197965761171,
    "subsample": 0.7257379430640262,
    "colsample_bytree": 0.7315230947377621,
    "colsample_bylevel": 0.8403993786801662,
    "min_child_weight": 17,
    "gamma": 2.0381953989182713,
    "reg_alpha": 0.7782215711045262,
    "reg_lambda": 1.7629506791194358,
    "objective": "multi:softprob",
    "num_class": 7,
    "eval_metric": "mlogloss",
    "device": "cuda",
    "tree_method": "hist",
    "random_state": 42
  },
  "score": 0.7697601669649771,
  "reports": [
    {
      "0": {
        "precision": 0.17624700309923397,
        "recall": 0.8703436326884204,
        "f1-score": 0.293133631589185,
        "support": 3463.0
      },
      "1": {
        "precision": 0.9998915510882431,
        "recall": 0.99887771958546,
        "f1-score": 0.9993843782150489,
        "support": 1079944.0
      },
      "2": {
        "precision": 0.9979784683371726,
        "recall": 0.9992507659055337,
        "f1-score": 0.9986142118746557,
        "support": 254927.0
      },
      "3": {
        "precision": 0.9996779180623551,
        "recall": 0.9998840265965672,
        "f1-score": 0.9997809617069525,
        "support": 77604.0
      },
      "4": {
        "precision": 0.9759334535763319,
        "recall": 0.7669508557405488,
        "f1-score": 0.8589130022744503,
        "support": 94538.0
      },
      "5": {
        "precision": 0.9483413995804166,
        "recall": 0.8050926660671146,
        "f1-score": 0.8708656010376531,
        "support": 56709.0
      },
      "6": {
        "precision": 0.2633025895707698,
        "recall": 0.8961666163597948,
        "f1-score": 0.40701898690794436,
        "support": 6626.0
      },
      "accuracy": 0.9773581452919061,
      "macro avg": {
        "precision": 0.7659103404735033,
        "recall": 0.9052237547062055,
        "f1-score": 0.77538725337227,
        "support": 1573811.0
      },
      "weighted avg": {
        "precision": 0.9913609823497082,
        "recall": 0.9773581452919061,
        "f1-score": 0.9821622508939516,
        "support": 1573811.0
      }
    },
    {
      "0": {
        "precision": 0.17580415599202961,
        "recall": 0.8914549653579676,
        "f1-score": 0.29368966665081553,
        "support": 3464.0
      },
      "1": {
        "precision": 0.9999073318141929,
        "recall": 0.9991434741060647,
        "f1-score": 0.9995252570212171,
        "support": 1079944.0
      },
      "2": {
        "precision": 0.9981427933328632,
        "recall": 0.9992978382046626,
        "f1-score": 0.9987199818092362,
        "support": 254927.0
      },
      "3": {
        "precision": 0.9999355595365442,
        "recall": 0.9997680531931343,
        "f1-score": 0.9998517993492059,
        "support": 77604.0
      },
      "4": {
        "precision": 0.9839831430499512,
        "recall": 0.7557595887368043,
        "f1-score": 0.8549019138612854,
        "support": 94538.0
      },
      "5": {
        "precision": 0.942402185658654,
        "recall": 0.815087818297242,
        "f1-score": 0.8741336107039857,
        "support": 56708.0
      },
      "6": {
        "precision": 0.2586069915254237,
        "recall": 0.8842438877150619,
        "f1-score": 0.40017758349839494,
        "support": 6626.0
      },
      "accuracy": 0.9772266174273785,
      "macro avg": {
        "precision": 0.7655403087013798,
        "recall": 0.9063936608015625,
        "f1-score": 0.7744285446991629,
        "support": 1573811.0
      },
      "weighted avg": {
        "precision": 0.9916594353649699,
        "recall": 0.9772266174273785,
        "f1-score": 0.9821284103427025,
        "support": 1573811.0
      }
    },
    {
      "0": {
        "precision": 0.17389325139410491,
        "recall": 0.8822170900692841,
        "f1-score": 0.2905219127293469,
        "support": 3464.0
      },
      "1": {
        "precision": 0.9999091805490684,
        "recall": 0.9990934723527587,
        "f1-score": 0.999501160022955,
        "support": 1079945.0
      },
      "2": {
        "precision": 0.9984948908599895,
        "recall": 0.9992939155130685,
        "f1-score": 0.9988942433997702,
        "support": 254927.0
      },
      "3": {
        "precision": 0.9998840191239577,
        "recall": 0.9998324807030656,
        "f1-score": 0.9998582492493654,
        "support": 77603.0
      },
      "4": {
        "precision": 0.980673805171063,
        "recall": 0.7546700797562885,
        "f1-score": 0.8529550657843612,
        "support": 94538.0
      },
      "5": {
        "precision": 0.9413090700438542,
        "recall": 0.8100091697820413,
        "f1-score": 0.8707372092582413,
        "support": 56708.0
      },
      "6": {
        "precision": 0.2565300952214554,
        "recall": 0.8863567763356475,
        "f1-score": 0.39789972899729,
        "support": 6626.0
      },
      "accuracy": 0.9769349686842956,
      "macro avg": {
        "precision": 0.7643849017662132,
        "recall": 0.9044961406445934,
        "f1-score": 0.7729096527773328,
        "support": 1573811.0
      },
      "weighted avg": {
        "precision": 0.9914640678820266,
        "recall": 0.9769349686842956,
        "f1-score": 0.9818845312089132,
        "support": 1573811.0
      }
    }
  ]
}