{
  "params": {
    "n_estimators": 397,
    "max_depth": 7,
    "learning_rate": 0.2924319220275026,
    "subsample": 0.7987353740203752,
    "colsample_bytree": 0.8619343142340119,
    "colsample_bylevel": 0.7907324382435454,
    "min_child_weight": 1,
    "gamma": 0.49215551679023006,
    "reg_alpha": 2.411602803972982,
    "reg_lambda": 1.718545987628676,
    "objective": "multi:softprob",
    "num_class": 7,
    "eval_metric": "mlogloss",
    "device": "cuda",
    "tree_method": "hist",
    "random_state": 42
  },
  "score": 0.8835595679763837,
  "reports": [
    {
      "0": {
        "precision": 0.7042173789980187,
        "recall": 0.7184522090672827,
        "f1-score": 0.7112635791881075,
        "support": 3463.0
      },
      "1": {
        "precision": 0.9999212586754412,
        "recall": 0.9994953442030328,
        "f1-score": 0.99970825607522,
        "support": 1079944.0
      },
      "2": {
        "precision": 0.9986675862933818,
        "recall": 0.9996430350649401,
        "f1-score": 0.9991550726029841,
        "support": 254927.0
      },
      "3": {
        "precision": 0.9998453747728941,
        "recall": 0.9998840265965672,
        "f1-score": 0.9998647003111892,
        "support": 77604.0
      },
      "4": {
        "precision": 0.9457361001927612,
        "recall": 0.9289597833675347,
        "f1-score": 0.9372728776567645,
        "support": 94538.0
      },
      "5": {
        "precision": 0.9064280045851336,
        "recall": 0.9063640691953658,
        "f1-score": 0.9063960357627806,
        "support": 56709.0
      },
      "6": {
        "precision": 0.6020130254588514,
        "recall": 0.7672804105040748,
        "f1-score": 0.6746732134563068,
        "support": 6626.0
      },
      "accuracy": 0.9903495400654844,
      "macro avg": {
        "precision": 0.8795469612823547,
        "recall": 0.9028684111426853,
        "f1-score": 0.889761962150479,
        "support": 1573811.0
      },
      "weighted avg": {
        "precision": 0.9907648149975324,
        "recall": 0.9903495400654844,
        "f1-score": 0.9905104519426948,
        "support": 1573811.0
      }
    },
    {
      "0": {
        "precision": 0.6910966340933767,
        "recall": 0.7349884526558892,
        "f1-score": 0.7123670956911025,
        "support": 3464.0
      },
      "1": {
        "precision": 0.9999749851068738,
        "recall": 0.9994314520012149,
        "f1-score": 0.9997031446750592,
        "support": 1079944.0
      },
      "2": {
        "precision": 0.9982219855017408,
        "recall": 0.9998430923362375,
        "f1-score": 0.9990318812859125,
        "support": 254927.0
      },
      "3": {
        "precision": 0.9999226794159719,
        "recall": 0.9998582547291377,
        "f1-score": 0.999890466034806,
        "support": 77604.0
      },
      "4": {
        "precision": 0.9491222172823978,
        "recall": 0.9258605005394656,
        "f1-score": 0.9373470622567052,
        "support": 94538.0
      },
      "5": {
        "precision": 0.9040478445403206,
        "recall": 0.9089899132397545,
        "f1-score": 0.9065121432214269,
        "support": 56708.0
      },
      "6": {
        "precision": 0.5916656966592946,
        "recall": 0.7671294898883187,
        "f1-score": 0.6680686074784781,
        "support": 6626.0
      },
      "accuracy": 0.9902809168318178,
      "macro avg": {
        "precision": 0.8762931489428537,
        "recall": 0.9051573079128598,
        "f1-score": 0.8889886286633557,
        "support": 1573811.0
      },
      "weighted avg": {
        "precision": 0.9907783831856919,
        "recall": 0.9902809168318178,
        "f1-score": 0.9904713986633418,
        "support": 1573811.0
      }
    },
    {
      "0": {
        "precision": 0.7003329633740288,
        "recall": 0.7286374133949192,
        "f1-score": 0.7142048670062252,
        "support": 3464.0
      },
      "1": {
        "precision": 0.9999110715873721,
        "recall": 0.9995175680242976,
        "f1-score": 0.9997142810835091,
        "support": 1079945.0
      },
      "2": {
        "precision": 0.998953318802628,
        "recall": 0.9995998854574054,
        "f1-score": 0.9992764975422485,
        "support": 254927.0
      },
      "3": {
        "precision": 0.999884023607639,
        "recall": 0.9998711390023581,
        "f1-score": 0.9998775812634902,
        "support": 77603.0
      },
      "4": {
        "precision": 0.9462648152954408,
        "recall": 0.9255854788550636,
        "f1-score": 0.9358109192021817,
        "support": 94538.0
      },
      "5": {
        "precision": 0.9053056921995783,
        "recall": 0.9086901319037878,
        "f1-score": 0.9069947548139543,
        "support": 56708.0
      },
      "6": {
        "precision": 0.5920241832345076,
        "recall": 0.7684877754301238,
        "f1-score": 0.6688119787220069,
        "support": 6626.0
      },
      "accuracy": 0.9902656672243363,
      "macro avg": {
        "precision": 0.8775251525858849,
        "recall": 0.9043413417239936,
        "f1-score": 0.8892415542333738,
        "support": 1573811.0
      },
      "weighted avg": {
        "precision": 0.9907466009048984,
        "recall": 0.9902656672243363,
        "f1-score": 0.9904503170827506,
        "support": 1573811.0
      }
    }
  ]
}