{
  "params": {
    "n_estimators": 956,
    "max_depth": 14,
    "learning_rate": 0.03424583749226535,
    "subsample": 0.6043231259062521,
    "colsample_bytree": 0.958760193435855,
    "colsample_bylevel": 0.5802944152540207,
    "min_child_weight": 18,
    "gamma": 0.00422194545812034,
    "reg_alpha": 0.8714260954697823,
    "reg_lambda": 1.3327349423625932,
    "objective": "multi:softprob",
    "num_class": 7,
    "eval_metric": "mlogloss",
    "device": "cuda",
    "tree_method": "hist",
    "random_state": 42
  },
  "score": 0.9085581100008896,
  "reports": [
    {
      "0": {
        "precision": 0.8104201680672269,
        "recall": 0.6962171527577246,
        "f1-score": 0.7489903696800249,
        "support": 3463.0
      },
      "1": {
        "precision": 0.9999231126233324,
        "recall": 0.9995129377078812,
        "f1-score": 0.9997179830928781,
        "support": 1079944.0
      },
      "2": {
        "precision": 0.9987419707557189,
        "recall": 0.9996587258313164,
        "f1-score": 0.9992001380154013,
        "support": 254927.0
      },
      "3": {
        "precision": 0.9998840295853414,
        "recall": 0.9999097984639967,
        "f1-score": 0.9998969138586431,
        "support": 77604.0
      },
      "4": {
        "precision": 0.939545196612093,
        "recall": 0.9457466838731515,
        "f1-score": 0.9426357406431207,
        "support": 94538.0
      },
      "5": {
        "precision": 0.911545705786055,
        "recall": 0.9131531150258336,
        "f1-score": 0.9123487024084286,
        "support": 56709.0
      },
      "6": {
        "precision": 0.7251781112626952,
        "recall": 0.7220042257772412,
        "f1-score": 0.7235876881191863,
        "support": 6626.0
      },
      "accuracy": 0.9913788885704827,
      "macro avg": {
        "precision": 0.9121768992417802,
        "recall": 0.8966003770624493,
        "f1-score": 0.903768219402526,
        "support": 1573811.0
      },
      "weighted avg": {
        "precision": 0.9913447961563714,
        "recall": 0.9913788885704827,
        "f1-score": 0.9913516026420405,
        "support": 1573811.0
      }
    },
    {
      "0": {
        "precision": 0.8140919616275223,
        "recall": 0.7104503464203233,
        "f1-score": 0.7587482657622938,
        "support": 3464.0
      },
      "1": {
        "precision": 0.9999749856399044,
        "recall": 0.9994527494018208,
        "f1-score": 0.9997137993186757,
        "support": 1079944.0
      },
      "2": {
        "precision": 0.9982845460313482,
        "recall": 0.9998470150278315,
        "f1-score": 0.9990651696315357,
        "support": 254927.0
      },
      "3": {
        "precision": 0.9999484516153975,
        "recall": 0.9998582547291377,
        "f1-score": 0.9999033511382014,
        "support": 77604.0
      },
      "4": {
        "precision": 0.941167160809057,
        "recall": 0.9435465103979352,
        "f1-score": 0.9423553337030874,
        "support": 94538.0
      },
      "5": {
        "precision": 0.9080336970418761,
        "recall": 0.9142625379135219,
        "f1-score": 0.9111374719915645,
        "support": 56708.0
      },
      "6": {
        "precision": 0.7189532597186508,
        "recall": 0.7173256866888017,
        "f1-score": 0.7181385510312004,
        "support": 6626.0
      },
      "accuracy": 0.9912848493243471,
      "macro avg": {
        "precision": 0.9114934374976794,
        "recall": 0.8978204429399101,
        "f1-score": 0.9041517060823655,
        "support": 1573811.0
      },
      "weighted avg": {
        "precision": 0.9912621685777943,
        "recall": 0.9912848493243471,
        "f1-score": 0.9912651314438956,
        "support": 1573811.0
      }
    },
    {
      "0": {
        "precision": 0.8321440706761808,
        "recall": 0.706986143187067,
        "f1-score": 0.7644763539878258,
        "support": 3464.0
      },
      "1": {
        "precision": 0.9999147778062881,
        "recall": 0.999531457620527,
        "f1-score": 0.9997230809696427,
        "support": 1079945.0
      },
      "2": {
        "precision": 0.9989846601355616,
        "recall": 0.9996116535321876,
        "f1-score": 0.999298058484669,
        "support": 254927.0
      },
      "3": {
        "precision": 0.9998969125302819,
        "recall": 0.9999097973016507,
        "f1-score": 0.999903354874458,
        "support": 77603.0
      },
      "4": {
        "precision": 0.93874649874692,
        "recall": 0.9429964670291311,
        "f1-score": 0.9408666835528537,
        "support": 94538.0
      },
      "5": {
        "precision": 0.9093541085434542,
        "recall": 0.9138922197926218,
        "f1-score": 0.9116175164249466,
        "support": 56708.0
      },
      "6": {
        "precision": 0.7199880400657797,
        "recall": 0.7268336854814368,
        "f1-score": 0.7233946676680436,
        "support": 6626.0
      },
      "accuracy": 0.9912892971265291,
      "macro avg": {
        "precision": 0.9141470097863525,
        "recall": 0.8985373462778031,
        "f1-score": 0.9056113879946343,
        "support": 1573811.0
      },
      "weighted avg": {
        "precision": 0.9912779770732282,
        "recall": 0.9912892971265291,
        "f1-score": 0.9912718354940538,
        "support": 1573811.0
      }
    }
  ]
}