{
  "params": {
    "n_estimators": 1000,
    "max_depth": 15,
    "learning_rate": 0.06843679158177858,
    "subsample": 0.6314671283723441,
    "colsample_bytree": 0.9923880875454206,
    "colsample_bylevel": 0.5601036370489291,
    "min_child_weight": 19,
    "gamma": 0.5568610863352952,
    "reg_alpha": 0.3938491102571846,
    "reg_lambda": 1.1700282790094458,
    "objective": "multi:softprob",
    "num_class": 7,
    "eval_metric": "mlogloss",
    "device": "cuda",
    "tree_method": "hist",
    "random_state": 42
  },
  "score": 0.9143653219348536,
  "reports": [
    {
      "0": {
        "precision": 0.8408450704225352,
        "recall": 0.689575512561363,
        "f1-score": 0.757734412184674,
        "support": 3463.0
      },
      "1": {
        "precision": 0.999923112765782,
        "recall": 0.9995147896557599,
        "f1-score": 0.9997189095171125,
        "support": 1079944.0
      },
      "2": {
        "precision": 0.9986558560394386,
        "recall": 0.9996508804481283,
        "f1-score": 0.9991531205156555,
        "support": 254927.0
      },
      "3": {
        "precision": 0.9998582638611502,
        "recall": 0.9999226843977115,
        "f1-score": 0.9998904730918158,
        "support": 77604.0
      },
      "4": {
        "precision": 0.9353931706707489,
        "recall": 0.9501258753093994,
        "f1-score": 0.9427019652087214,
        "support": 94538.0
      },
      "5": {
        "precision": 0.9128751723406512,
        "recall": 0.9107020049727557,
        "f1-score": 0.9117872937687032,
        "support": 56709.0
      },
      "6": {
        "precision": 0.7651801875925621,
        "recall": 0.7017808632659222,
        "f1-score": 0.7321105250728175,
        "support": 6626.0
      },
      "accuracy": 0.9914545012075783,
      "macro avg": {
        "precision": 0.9218186905275525,
        "recall": 0.8930389443730056,
        "f1-score": 0.9061566713370715,
        "support": 1573811.0
      },
      "weighted avg": {
        "precision": 0.9913634333048725,
        "recall": 0.9914545012075783,
        "f1-score": 0.991383176559841,
        "support": 1573811.0
      }
    },
    {
      "0": {
        "precision": 0.8443824145150035,
        "recall": 0.6986143187066974,
        "f1-score": 0.764612954186414,
        "support": 3464.0
      },
      "1": {
        "precision": 0.999975911919153,
        "recall": 0.9994462675842452,
        "f1-score": 0.9997110196006513,
        "support": 1079944.0
      },
      "2": {
        "precision": 0.9982220133544812,
        "recall": 0.9998587831026137,
        "f1-score": 0.9990397278314311,
        "support": 254927.0
      },
      "3": {
        "precision": 0.999909793814433,
        "recall": 0.9998582547291377,
        "f1-score": 0.999884023607639,
        "support": 77604.0
      },
      "4": {
        "precision": 0.9368766253433456,
        "recall": 0.9488776999724978,
        "f1-score": 0.9428389748117317,
        "support": 94538.0
      },
      "5": {
        "precision": 0.9106250439923981,
        "recall": 0.9125520208788883,
        "f1-score": 0.9115875140924464,
        "support": 56708.0
      },
      "6": {
        "precision": 0.7621880680879194,
        "recall": 0.6960458798671899,
        "f1-score": 0.7276169440719413,
        "support": 6626.0
      },
      "accuracy": 0.9914252727932389,
      "macro avg": {
        "precision": 0.9217399815752476,
        "recall": 0.8936076035487529,
        "f1-score": 0.9064701654574652,
        "support": 1573811.0
      },
      "weighted avg": {
        "precision": 0.9913351064922481,
        "recall": 0.9914252727932389,
        "f1-score": 0.9913562319180413,
        "support": 1573811.0
      }
    },
    {
      "0": {
        "precision": 0.8534941468605889,
        "recall": 0.6945727482678984,
        "f1-score": 0.7658761738023238,
        "support": 3464.0
      },
      "1": {
        "precision": 0.9999231145463573,
        "recall": 0.9995370134590188,
        "f1-score": 0.9997300267241128,
        "support": 1079945.0
      },
      "2": {
        "precision": 0.9989611876173564,
        "recall": 0.999635189681752,
        "f1-score": 0.999298075000098,
        "support": 254927.0
      },
      "3": {
        "precision": 0.9999097961392748,
        "recall": 0.9998969112018865,
        "f1-score": 0.9999033536290712,
        "support": 77603.0
      },
      "4": {
        "precision": 0.9344327231789183,
        "recall": 0.9482113012756775,
        "f1-score": 0.9412715913267181,
        "support": 94538.0
      },
      "5": {
        "precision": 0.9112443778110945,
        "recall": 0.9110354800028214,
        "f1-score": 0.9111399169334145,
        "support": 56708.0
      },
      "6": {
        "precision": 0.7620599739243807,
        "recall": 0.705704799275581,
        "f1-score": 0.7328005014887948,
        "support": 6626.0
      },
      "accuracy": 0.9913903257760939,
      "macro avg": {
        "precision": 0.9228607600111387,
        "recall": 0.894084777594948,
        "f1-score": 0.9071456627006474,
        "support": 1573811.0
      },
      "weighted avg": {
        "precision": 0.9913136371502295,
        "recall": 0.9913903257760939,
        "f1-score": 0.9913263989939202,
        "support": 1573811.0
      }
    }
  ]
}