{
  "params": {
    "n_estimators": 361,
    "max_depth": 5,
    "learning_rate": 0.15649075597421258,
    "subsample": 0.8287912311075085,
    "colsample_bytree": 0.830420010754414,
    "colsample_bylevel": 0.7224318409964059,
    "min_child_weight": 11,
    "gamma": 0.8908085813522905,
    "reg_alpha": 1.8289092828761406,
    "reg_lambda": 0.13765426195779873,
    "objective": "multi:softprob",
    "num_class": 7,
    "eval_metric": "mlogloss",
    "device": "cuda",
    "tree_method": "hist",
    "random_state": 42
  },
  "score": 0.805457007882767,
  "reports": [
    {
      "0": {
        "precision": 0.30202862732983216,
        "recall": 0.8469535085186255,
        "f1-score": 0.4452709883103082,
        "support": 3463.0
      },
      "1": {
        "precision": 0.999943481676945,
        "recall": 0.9993434844769729,
        "f1-score": 0.9996433930457013,
        "support": 1079944.0
      },
      "2": {
        "precision": 0.9984211557296768,
        "recall": 0.9996861846724748,
        "f1-score": 0.9990532697475581,
        "support": 254927.0
      },
      "3": {
        "precision": 0.9998196155233727,
        "recall": 0.9999226843977115,
        "f1-score": 0.9998711473044016,
        "support": 77604.0
      },
      "4": {
        "precision": 0.9734514343717524,
        "recall": 0.8521123780913495,
        "f1-score": 0.9087494077566952,
        "support": 94538.0
      },
      "5": {
        "precision": 0.9417390797224005,
        "recall": 0.854255938210866,
        "f1-score": 0.8958668515950069,
        "support": 56709.0
      },
      "6": {
        "precision": 0.3388178283653575,
        "recall": 0.9074856625415032,
        "f1-score": 0.4934148442949165,
        "support": 6626.0
      },
      "accuracy": 0.9846334788611847,
      "macro avg": {
        "precision": 0.7934601746741909,
        "recall": 0.9228228344156433,
        "f1-score": 0.8202671288649411,
        "support": 1573811.0
      },
      "weighted avg": {
        "precision": 0.9916830165932937,
        "recall": 0.9846334788611847,
        "f1-score": 0.98700856891972,
        "support": 1573811.0
      }
    },
    {
      "0": {
        "precision": 0.29054314329738057,
        "recall": 0.870958429561201,
        "f1-score": 0.4357307914500289,
        "support": 3464.0
      },
      "1": {
        "precision": 0.9999768362592226,
        "recall": 0.9993555221381849,
        "f1-score": 0.9996660826586675,
        "support": 1079944.0
      },
      "2": {
        "precision": 0.9980421562907477,
        "recall": 0.9998274015698612,
        "f1-score": 0.998933981305481,
        "support": 254927.0
      },
      "3": {
        "precision": 0.9999484516153975,
        "recall": 0.9998582547291377,
        "f1-score": 0.9999033511382014,
        "support": 77604.0
      },
      "4": {
        "precision": 0.97801766437684,
        "recall": 0.8433434174617614,
        "f1-score": 0.9057015301775552,
        "support": 94538.0
      },
      "5": {
        "precision": 0.9378057978301649,
        "recall": 0.8551350779431474,
        "f1-score": 0.8945645055664702,
        "support": 56708.0
      },
      "6": {
        "precision": 0.33223739203120645,
        "recall": 0.8997887111379415,
        "f1-score": 0.48528753408489683,
        "support": 6626.0
      },
      "accuracy": 0.9841867924420403,
      "macro avg": {
        "precision": 0.7909387773858514,
        "recall": 0.9240381163630336,
        "f1-score": 0.817112539483043,
        "support": 1573811.0
      },
      "weighted avg": {
        "precision": 0.9917300415483271,
        "recall": 0.9841867924420403,
        "f1-score": 0.9867208912561558,
        "support": 1573811.0
      }
    },
    {
      "0": {
        "precision": 0.30305482500505765,
        "recall": 0.8648960739030023,
        "f1-score": 0.44883895131086143,
        "support": 3464.0
      },
      "1": {
        "precision": 0.9999231056426562,
        "recall": 0.9994212668237734,
        "f1-score": 0.9996721232520187,
        "support": 1079945.0
      },
      "2": {
        "precision": 0.9987379774717221,
        "recall": 0.9995959627658114,
        "f1-score": 0.9991667859306413,
        "support": 254927.0
      },
      "3": {
        "precision": 0.9999226794159719,
        "recall": 0.9998711390023581,
        "f1-score": 0.999896908544993,
        "support": 77603.0
      },
      "4": {
        "precision": 0.9742519646605164,
        "recall": 0.8445069707419239,
        "f1-score": 0.9047516516890858,
        "support": 94538.0
      },
      "5": {
        "precision": 0.9362207002990257,
        "recall": 0.8557699090075475,
        "f1-score": 0.8941893995927881,
        "support": 56708.0
      },
      "6": {
        "precision": 0.33233299988885184,
        "recall": 0.9025052822215515,
        "f1-score": 0.48578391551584077,
        "support": 6626.0
      },
      "accuracy": 0.9842859148906699,
      "macro avg": {
        "precision": 0.7920634646262573,
        "recall": 0.923795229209424,
        "f1-score": 0.8188999622623184,
        "support": 1573811.0
      },
      "weighted avg": {
        "precision": 0.9915492333422653,
        "recall": 0.9842859148906699,
        "f1-score": 0.9867227949526332,
        "support": 1573811.0
      }
    }
  ]
}