{
  "params": {
    "n_estimators": 656,
    "max_depth": 9,
    "learning_rate": 0.2704378491982003,
    "subsample": 0.7335422946257175,
    "colsample_bytree": 0.6833148428765538,
    "colsample_bylevel": 0.9150021416274277,
    "min_child_weight": 17,
    "gamma": 4.915858137019518,
    "reg_alpha": 2.9880307660424608,
    "reg_lambda": 0.011825998335688315,
    "objective": "multi:softprob",
    "num_class": 7,
    "eval_metric": "mlogloss",
    "device": "cuda",
    "tree_method": "hist",
    "random_state": 42
  },
  "score": 0.8779705029893417,
  "reports": [
    {
      "0": {
        "precision": 0.6607283206706838,
        "recall": 0.7282702858792954,
        "f1-score": 0.6928571428571428,
        "support": 3463.0
      },
      "1": {
        "precision": 0.999940698790626,
        "recall": 0.9992851481187913,
        "f1-score": 0.9996128159764355,
        "support": 1079944.0
      },
      "2": {
        "precision": 0.998342885572919,
        "recall": 0.9996587258313164,
        "f1-score": 0.9990003724102785,
        "support": 254927.0
      },
      "3": {
        "precision": 0.9997423278105594,
        "recall": 0.9999226843977115,
        "f1-score": 0.9998324979706484,
        "support": 77604.0
      },
      "4": {
        "precision": 0.9473918664913786,
        "recall": 0.9223486851847934,
        "f1-score": 0.934702562480906,
        "support": 94538.0
      },
      "5": {
        "precision": 0.9014769704605908,
        "recall": 0.9083919660018692,
        "f1-score": 0.9049212581135324,
        "support": 56709.0
      },
      "6": {
        "precision": 0.5878766965723488,
        "recall": 0.7713552671294899,
        "f1-score": 0.6672323759791122,
        "support": 6626.0
      },
      "accuracy": 0.9899244572569388,
      "macro avg": {
        "precision": 0.8707856809098723,
        "recall": 0.9041761089347525,
        "f1-score": 0.8854512893982937,
        "support": 1573811.0
      },
      "weighted avg": {
        "precision": 0.99048632991559,
        "recall": 0.9899244572569388,
        "f1-score": 0.9901389484086315,
        "support": 1573811.0
      }
    },
    {
      "0": {
        "precision": 0.659073457896084,
        "recall": 0.7433602771362586,
        "f1-score": 0.6986840320173654,
        "support": 3464.0
      },
      "1": {
        "precision": 0.9999564568070054,
        "recall": 0.9994416377145482,
        "f1-score": 0.9996989809811553,
        "support": 1079944.0
      },
      "2": {
        "precision": 0.998475956151417,
        "recall": 0.9997097208220392,
        "f1-score": 0.9990924575973844,
        "support": 254927.0
      },
      "3": {
        "precision": 0.9998711373418211,
        "recall": 0.999845368795423,
        "f1-score": 0.999858252902594,
        "support": 77604.0
      },
      "4": {
        "precision": 0.9504506475323766,
        "recall": 0.9191436247858005,
        "f1-score": 0.9345350125294415,
        "support": 94538.0
      },
      "5": {
        "precision": 0.8977371627502175,
        "recall": 0.9094836707342879,
        "f1-score": 0.9035722419804131,
        "support": 56708.0
      },
      "6": {
        "precision": 0.5770629688565583,
        "recall": 0.7662239661937821,
        "f1-score": 0.6583246887966805,
        "support": 6626.0
      },
      "accuracy": 0.9898945934422876,
      "macro avg": {
        "precision": 0.8689468267622115,
        "recall": 0.9053154665974484,
        "f1-score": 0.8848236666864334,
        "support": 1573811.0
      },
      "weighted avg": {
        "precision": 0.9905247120763054,
        "recall": 0.9898945934422876,
        "f1-score": 0.9901307753602578,
        "support": 1573811.0
      }
    },
    {
      "0": {
        "precision": 0.674553101997897,
        "recall": 0.7407621247113164,
        "f1-score": 0.7061089708310402,
        "support": 3464.0
      },
      "1": {
        "precision": 0.9999601553016614,
        "recall": 0.9992610734805939,
        "f1-score": 0.9996104921646863,
        "support": 1079945.0
      },
      "2": {
        "precision": 0.9982530219586523,
        "recall": 0.9997057981304451,
        "f1-score": 0.9989788818658435,
        "support": 254927.0
      },
      "3": {
        "precision": 0.9997423112107507,
        "recall": 0.9998711390023581,
        "f1-score": 0.9998067209566024,
        "support": 77603.0
      },
      "4": {
        "precision": 0.9481513008555963,
        "recall": 0.9190061139435994,
        "f1-score": 0.9333512381157008,
        "support": 94538.0
      },
      "5": {
        "precision": 0.8985153690667038,
        "recall": 0.9092896945757213,
        "f1-score": 0.9038704249053429,
        "support": 56708.0
      },
      "6": {
        "precision": 0.5796758946657664,
        "recall": 0.7773920917597343,
        "f1-score": 0.6641309953584322,
        "support": 6626.0
      },
      "accuracy": 0.9897973771945933,
      "macro avg": {
        "precision": 0.8712644507224326,
        "recall": 0.906469719371967,
        "f1-score": 0.8865511034568068,
        "support": 1573811.0
      },
      "weighted avg": {
        "precision": 0.9904197786619174,
        "recall": 0.9897973771945933,
        "f1-score": 0.9900295398871397,
        "support": 1573811.0
      }
    }
  ]
}