{
  "params": {
    "n_estimators": 303,
    "max_depth": 8,
    "learning_rate": 0.16177566660078677,
    "subsample": 0.8669852394061547,
    "colsample_bytree": 0.8170677964149501,
    "colsample_bylevel": 0.6621625991642434,
    "min_child_weight": 1,
    "gamma": 0.6312289966126648,
    "reg_alpha": 1.8164295197116356,
    "reg_lambda": 0.9153590779785794,
    "objective": "multi:softprob",
    "num_class": 7,
    "eval_metric": "mlogloss",
    "device": "cuda",
    "tree_method": "hist",
    "random_state": 42
  },
  "score": 0.8574413253360906,
  "reports": [
    {
      "0": {
        "precision": 0.5450931157145846,
        "recall": 0.7522379439792087,
        "f1-score": 0.632128124241689,
        "support": 3463.0
      },
      "1": {
        "precision": 0.9999268160730431,
        "recall": 0.9994897883593964,
        "f1-score": 0.999708254453982,
        "support": 1079944.0
      },
      "2": {
        "precision": 0.9987145572472714,
        "recall": 0.9996469577565342,
        "f1-score": 0.9991805399810231,
        "support": 254927.0
      },
      "3": {
        "precision": 0.9998582583820839,
        "recall": 0.9998840265965672,
        "f1-score": 0.9998711423233039,
        "support": 77604.0
      },
      "4": {
        "precision": 0.9551326080694835,
        "recall": 0.9119719054771627,
        "f1-score": 0.9330533971126166,
        "support": 94538.0
      },
      "5": {
        "precision": 0.9154244977316915,
        "recall": 0.8966830661799714,
        "f1-score": 0.9059568668323579,
        "support": 56709.0
      },
      "6": {
        "precision": 0.4945785876993166,
        "recall": 0.8191971023241775,
        "f1-score": 0.6167831373217431,
        "support": 6626.0
      },
      "accuracy": 0.9892699949358595,
      "macro avg": {
        "precision": 0.8441040629882107,
        "recall": 0.9113015415247169,
        "f1-score": 0.8695259231809593,
        "support": 1573811.0
      },
      "weighted avg": {
        "precision": 0.9908630332367734,
        "recall": 0.9892699949358595,
        "f1-score": 0.9898277515992853,
        "support": 1573811.0
      }
    },
    {
      "0": {
        "precision": 0.5471087747674889,
        "recall": 0.7811778290993071,
        "f1-score": 0.6435196195005946,
        "support": 3464.0
      },
      "1": {
        "precision": 0.9999740586533847,
        "recall": 0.9994314520012149,
        "f1-score": 0.9997026816999197,
        "support": 1079944.0
      },
      "2": {
        "precision": 0.9982298250973205,
        "recall": 0.9998548604110197,
        "f1-score": 0.9990416819363904,
        "support": 254927.0
      },
      "3": {
        "precision": 0.9999355645192469,
        "recall": 0.999845368795423,
        "f1-score": 0.999890464623295,
        "support": 77604.0
      },
      "4": {
        "precision": 0.9591713663521134,
        "recall": 0.9085129789079524,
        "f1-score": 0.9331551528386651,
        "support": 94538.0
      },
      "5": {
        "precision": 0.9129376822744271,
        "recall": 0.8997848628059533,
        "f1-score": 0.9063135551825504,
        "support": 56708.0
      },
      "6": {
        "precision": 0.4888609414301114,
        "recall": 0.8213099909447631,
        "f1-score": 0.6129068588805046,
        "support": 6626.0
      },
      "accuracy": 0.9892382249202731,
      "macro avg": {
        "precision": 0.8437454590134418,
        "recall": 0.915702477566519,
        "f1-score": 0.8706471449517028,
        "support": 1573811.0
      },
      "weighted avg": {
        "precision": 0.9909538750728213,
        "recall": 0.9892382249202731,
        "f1-score": 0.9898299319858666,
        "support": 1573811.0
      }
    },
    {
      "0": {
        "precision": 0.5551440329218107,
        "recall": 0.7788683602771362,
        "f1-score": 0.648246035559827,
        "support": 3464.0
      },
      "1": {
        "precision": 0.9999147760694909,
        "recall": 0.9995110862127238,
        "f1-score": 0.9997128903880332,
        "support": 1079945.0
      },
      "2": {
        "precision": 0.998965075208455,
        "recall": 0.9996077308405936,
        "f1-score": 0.9992862996992263,
        "support": 254927.0
      },
      "3": {
        "precision": 0.9999226814087447,
        "recall": 0.9998969112018865,
        "f1-score": 0.9999097961392748,
        "support": 77603.0
      },
      "4": {
        "precision": 0.9560247728965832,
        "recall": 0.9094967103175443,
        "f1-score": 0.9321805122645345,
        "support": 94538.0
      },
      "5": {
        "precision": 0.9142626480086115,
        "recall": 0.8986562742470198,
        "f1-score": 0.9063922879908936,
        "support": 56708.0
      },
      "6": {
        "precision": 0.49146572744513684,
        "recall": 0.8213099909447631,
        "f1-score": 0.6149499971749817,
        "support": 6626.0
      },
      "accuracy": 0.989268724135236,
      "macro avg": {
        "precision": 0.8450999591369761,
        "recall": 0.9153352948630953,
        "f1-score": 0.871525402745253,
        "support": 1573811.0
      },
      "weighted avg": {
        "precision": 0.9909190363257452,
        "recall": 0.989268724135236,
        "f1-score": 0.9898408093015222,
        "support": 1573811.0
      }
    }
  ]
}