{
  "params": {
    "n_estimators": 819,
    "max_depth": 6,
    "learning_rate": 0.10378378008652636,
    "subsample": 0.8365985334136115,
    "colsample_bytree": 0.8387061001748195,
    "colsample_bylevel": 0.7085959718139042,
    "min_child_weight": 4,
    "gamma": 2.2120388202134214,
    "reg_alpha": 1.7848104567360072,
    "reg_lambda": 1.128588706954146,
    "objective": "multi:softprob",
    "num_class": 7,
    "eval_metric": "mlogloss",
    "device": "cuda",
    "tree_method": "hist",
    "random_state": 42
  },
  "score": 0.8396039786190856,
  "reports": [
    {
      "0": {
        "precision": 0.4605374345107318,
        "recall": 0.7868899797863125,
        "f1-score": 0.5810234541577826,
        "support": 3463.0
      },
      "1": {
        "precision": 0.9999388490841724,
        "recall": 0.9993397805812153,
        "f1-score": 0.9996392250795534,
        "support": 1079944.0
      },
      "2": {
        "precision": 0.9984289604105859,
        "recall": 0.9996744165976926,
        "f1-score": 0.9990513003457657,
        "support": 254927.0
      },
      "3": {
        "precision": 0.9997165678948725,
        "recall": 0.9999226843977115,
        "f1-score": 0.9998196155233727,
        "support": 77604.0
      },
      "4": {
        "precision": 0.9622255789389998,
        "recall": 0.8961793141382302,
        "f1-score": 0.9280288300919561,
        "support": 94538.0
      },
      "5": {
        "precision": 0.9234128440366972,
        "recall": 0.8874429102964256,
        "f1-score": 0.9050706327725274,
        "support": 56709.0
      },
      "6": {
        "precision": 0.4329060153227642,
        "recall": 0.8613039541201328,
        "f1-score": 0.5762027361300419,
        "support": 6626.0
      },
      "accuracy": 0.9881453363841021,
      "macro avg": {
        "precision": 0.8253094643141178,
        "recall": 0.9186790057025315,
        "f1-score": 0.855547970585857,
        "support": 1573811.0
      },
      "weighted avg": {
        "precision": 0.9910862496883757,
        "recall": 0.9881453363841021,
        "f1-score": 0.9891398517230534,
        "support": 1573811.0
      }
    },
    {
      "0": {
        "precision": 0.4478157267672756,
        "recall": 0.8137990762124712,
        "f1-score": 0.5777231273696075,
        "support": 3464.0
      },
      "1": {
        "precision": 0.9999768357655779,
        "recall": 0.9993342247375789,
        "f1-score": 0.9996554269787707,
        "support": 1079944.0
      },
      "2": {
        "precision": 0.9979757402056366,
        "recall": 0.9998352469530493,
        "f1-score": 0.9989046281908338,
        "support": 254927.0
      },
      "3": {
        "precision": 0.9999355653496225,
        "recall": 0.9998582547291377,
        "f1-score": 0.999896908544993,
        "support": 77604.0
      },
      "4": {
        "precision": 0.9674465686612833,
        "recall": 0.8896316824980431,
        "f1-score": 0.9269088344207371,
        "support": 94538.0
      },
      "5": {
        "precision": 0.9181841311380075,
        "recall": 0.8909501304930522,
        "f1-score": 0.9043621458105858,
        "support": 56708.0
      },
      "6": {
        "precision": 0.42634901548173754,
        "recall": 0.856172653184425,
        "f1-score": 0.5692354003612282,
        "support": 6626.0
      },
      "accuracy": 0.9879350188809203,
      "macro avg": {
        "precision": 0.8225262261955917,
        "recall": 0.9213687526868225,
        "f1-score": 0.8538123530966796,
        "support": 1573811.0
      },
      "weighted avg": {
        "precision": 0.9911190204742463,
        "recall": 0.9879350188809203,
        "f1-score": 0.9890014130691602,
        "support": 1573811.0
      }
    },
    {
      "0": {
        "precision": 0.4685819892473118,
        "recall": 0.8051385681293303,
        "f1-score": 0.5923959218351742,
        "support": 3464.0
      },
      "1": {
        "precision": 0.9999221781231586,
        "recall": 0.999406451254462,
        "f1-score": 0.9996642481729312,
        "support": 1079945.0
      },
      "2": {
        "precision": 0.9987888859710665,
        "recall": 0.9996116535321876,
        "f1-score": 0.9992001003795602,
        "support": 254927.0
      },
      "3": {
        "precision": 0.9998324871788263,
        "recall": 0.9998711390023581,
        "f1-score": 0.999851812717046,
        "support": 77603.0
      },
      "4": {
        "precision": 0.9629129678777341,
        "recall": 0.8903721254945102,
        "f1-score": 0.9252228585246821,
        "support": 94538.0
      },
      "5": {
        "precision": 0.9206560850426492,
        "recall": 0.8888516611412852,
        "f1-score": 0.9044743712821985,
        "support": 56708.0
      },
      "6": {
        "precision": 0.42306274423062745,
        "recall": 0.8659824932085723,
        "f1-score": 0.568428352072911,
        "support": 6626.0
      },
      "accuracy": 0.9879401020834141,
      "macro avg": {
        "precision": 0.8248224768101963,
        "recall": 0.9213191559661009,
        "f1-score": 0.8556053807120719,
        "support": 1573811.0
      },
      "weighted avg": {
        "precision": 0.991056756288746,
        "recall": 0.9879401020834141,
        "f1-score": 0.9889847686188533,
        "support": 1573811.0
      }
    }
  ]
}