{
  "params": {
    "n_estimators": 699,
    "max_depth": 10,
    "learning_rate": 0.11456660473654441,
    "subsample": 0.9647305976941931,
    "colsample_bytree": 0.8853845623634587,
    "colsample_bylevel": 0.5667491357512601,
    "min_child_weight": 15,
    "gamma": 4.309956388851839,
    "reg_alpha": 2.113606015270591,
    "reg_lambda": 2.9165675147859482,
    "objective": "multi:softprob",
    "num_class": 7,
    "eval_metric": "mlogloss",
    "device": "cuda",
    "tree_method": "hist",
    "random_state": 42
  },
  "score": 0.8620419112443206,
  "reports": [
    {
      "0": {
        "precision": 0.5960341249711782,
        "recall": 0.7464626046780248,
        "f1-score": 0.6628205128205128,
        "support": 3463.0
      },
      "1": {
        "precision": 0.9999555208370978,
        "recall": 0.9992268117606098,
        "f1-score": 0.9995910334903277,
        "support": 1079944.0
      },
      "2": {
        "precision": 0.9980380946413747,
        "recall": 0.9997489477379798,
        "f1-score": 0.9988927886245299,
        "support": 254927.0
      },
      "3": {
        "precision": 0.9997680890538033,
        "recall": 0.9999226843977115,
        "f1-score": 0.9998453807499034,
        "support": 77604.0
      },
      "4": {
        "precision": 0.9547450746136572,
        "recall": 0.9129450591296622,
        "f1-score": 0.9333773122739095,
        "support": 94538.0
      },
      "5": {
        "precision": 0.9134275934985574,
        "recall": 0.8988344001833924,
        "f1-score": 0.9060722411831627,
        "support": 56709.0
      },
      "6": {
        "precision": 0.4946564885496183,
        "recall": 0.8312707515846665,
        "f1-score": 0.620235347108834,
        "support": 6626.0
      },
      "accuracy": 0.9892820675417824,
      "macro avg": {
        "precision": 0.8509464265950409,
        "recall": 0.9126301799245782,
        "f1-score": 0.8744049451787399,
        "support": 1573811.0
      },
      "weighted avg": {
        "precision": 0.9907858951690592,
        "recall": 0.9892820675417824,
        "f1-score": 0.9898051188128224,
        "support": 1573811.0
      }
    },
    {
      "0": {
        "precision": 0.5887788778877888,
        "recall": 0.7725173210161663,
        "f1-score": 0.6682482207516544,
        "support": 3464.0
      },
      "1": {
        "precision": 0.9999768354221605,
        "recall": 0.9993194091545488,
        "f1-score": 0.9996480141979958,
        "support": 1079944.0
      },
      "2": {
        "precision": 0.9979951994424149,
        "recall": 0.9997960200371087,
        "f1-score": 0.9988947981046963,
        "support": 254927.0
      },
      "3": {
        "precision": 0.9999484502867453,
        "recall": 0.9998324828617081,
        "f1-score": 0.9998904632117475,
        "support": 77604.0
      },
      "4": {
        "precision": 0.958707200571403,
        "recall": 0.9086716452643382,
        "f1-score": 0.9330190830989128,
        "support": 94538.0
      },
      "5": {
        "precision": 0.9074661796776653,
        "recall": 0.902553431614587,
        "f1-score": 0.9050031385654546,
        "support": 56708.0
      },
      "6": {
        "precision": 0.4965142598460842,
        "recall": 0.8276486568065198,
        "f1-score": 0.6206779469186803,
        "support": 6626.0
      },
      "accuracy": 0.9892680887349243,
      "macro avg": {
        "precision": 0.8499124290191803,
        "recall": 0.9157627095364251,
        "f1-score": 0.8750545235498774,
        "support": 1573811.0
      },
      "weighted avg": {
        "precision": 0.9908173168576039,
        "recall": 0.9892680887349243,
        "f1-score": 0.9898003818255829,
        "support": 1573811.0
      }
    },
    {
      "0": {
        "precision": 0.5879084240942432,
        "recall": 0.7635681293302541,
        "f1-score": 0.6643224915232953,
        "support": 3464.0
      },
      "1": {
        "precision": 0.9999295884910536,
        "recall": 0.9993962655505605,
        "f1-score": 0.9996628558884905,
        "support": 1079945.0
      },
      "2": {
        "precision": 0.9987692983040617,
        "recall": 0.9995998854574054,
        "f1-score": 0.9991844192712316,
        "support": 254927.0
      },
      "3": {
        "precision": 0.9998324958123953,
        "recall": 0.9999226834014149,
        "f1-score": 0.9998775875732059,
        "support": 77603.0
      },
      "4": {
        "precision": 0.95598907530238,
        "recall": 0.9071167149717574,
        "f1-score": 0.9309118935319116,
        "support": 94538.0
      },
      "5": {
        "precision": 0.9094387982129826,
        "recall": 0.9010192565422868,
        "f1-score": 0.9052094498232809,
        "support": 56708.0
      },
      "6": {
        "precision": 0.48761719441004775,
        "recall": 0.8320253546634471,
        "f1-score": 0.6148784296230203,
        "support": 6626.0
      },
      "accuracy": 0.9891435502738257,
      "macro avg": {
        "precision": 0.8484978392324519,
        "recall": 0.9146640414167323,
        "f1-score": 0.8734353038906336,
        "support": 1573811.0
      },
      "weighted avg": {
        "precision": 0.9907729952360745,
        "recall": 0.9891435502738257,
        "f1-score": 0.9897046427043108,
        "support": 1573811.0
      }
    }
  ]
}