{
  "params": {
    "n_estimators": 931,
    "max_depth": 7,
    "learning_rate": 0.11614539917901816,
    "subsample": 0.8910241914773175,
    "colsample_bytree": 0.9118138373668621,
    "colsample_bylevel": 0.5329051156931199,
    "min_child_weight": 7,
    "gamma": 0.27362534040797193,
    "reg_alpha": 0.99742409133082,
    "reg_lambda": 1.3502380322112935,
    "objective": "multi:softprob",
    "num_class": 7,
    "eval_metric": "mlogloss",
    "device": "cuda",
    "tree_method": "hist",
    "random_state": 42
  },
  "score": 0.878276947256086,
  "reports": [
    {
      "0": {
        "precision": 0.6703762586115527,
        "recall": 0.730580421599769,
        "f1-score": 0.6991847450601077,
        "support": 3463.0
      },
      "1": {
        "precision": 0.999924969709994,
        "recall": 0.9995731260139414,
        "f1-score": 0.9997490169057026,
        "support": 1079944.0
      },
      "2": {
        "precision": 0.9988515613669947,
        "recall": 0.9996430350649401,
        "f1-score": 0.9992471414903462,
        "support": 254927.0
      },
      "3": {
        "precision": 0.9999355695011791,
        "recall": 0.9999226843977115,
        "f1-score": 0.9999291269079359,
        "support": 77604.0
      },
      "4": {
        "precision": 0.9507214928935662,
        "recall": 0.9269076984916118,
        "f1-score": 0.938663581635495,
        "support": 94538.0
      },
      "5": {
        "precision": 0.9120538481976795,
        "recall": 0.9079687527552945,
        "f1-score": 0.9100067159167227,
        "support": 56709.0
      },
      "6": {
        "precision": 0.573716542343133,
        "recall": 0.7893148204044672,
        "f1-score": 0.6644644898996316,
        "support": 6626.0
      },
      "accuracy": 0.9904588289191014,
      "macro avg": {
        "precision": 0.8722257489463,
        "recall": 0.9077015055325337,
        "f1-score": 0.8873206882594202,
        "support": 1573811.0
      },
      "weighted avg": {
        "precision": 0.9911101983493664,
        "recall": 0.9904588289191014,
        "f1-score": 0.9907005957718437,
        "support": 1573811.0
      }
    },
    {
      "0": {
        "precision": 0.6633307672568642,
        "recall": 0.7462471131639723,
        "f1-score": 0.7023502241543269,
        "support": 3464.0
      },
      "1": {
        "precision": 0.9999675747587099,
        "recall": 0.9994694169327298,
        "f1-score": 0.9997184337879454,
        "support": 1079944.0
      },
      "2": {
        "precision": 0.998323606595903,
        "recall": 0.9998234788782671,
        "f1-score": 0.9990729798113426,
        "support": 254927.0
      },
      "3": {
        "precision": 0.9999742258076988,
        "recall": 0.9998840265965672,
        "f1-score": 0.9999291241680144,
        "support": 77604.0
      },
      "4": {
        "precision": 0.95378656922168,
        "recall": 0.9221477078000381,
        "f1-score": 0.9377003334408949,
        "support": 94538.0
      },
      "5": {
        "precision": 0.9067638791286016,
        "recall": 0.9101537701911547,
        "f1-score": 0.908455662336748,
        "support": 56708.0
      },
      "6": {
        "precision": 0.5615906886517944,
        "recall": 0.7864473287051011,
        "f1-score": 0.6552656397359321,
        "support": 6626.0
      },
      "accuracy": 0.9902300848068796,
      "macro avg": {
        "precision": 0.8691053302030359,
        "recall": 0.9091675488954044,
        "f1-score": 0.8860703424907435,
        "support": 1573811.0
      },
      "weighted avg": {
        "precision": 0.9909826166248444,
        "recall": 0.9902300848068796,
        "f1-score": 0.990505753653379,
        "support": 1573811.0
      }
    },
    {
      "0": {
        "precision": 0.6657142857142857,
        "recall": 0.7398960739030023,
        "f1-score": 0.7008476893628658,
        "support": 3464.0
      },
      "1": {
        "precision": 0.999912925875836,
        "recall": 0.9995379394321007,
        "f1-score": 0.9997253974906054,
        "support": 1079945.0
      },
      "2": {
        "precision": 0.9989768116510183,
        "recall": 0.9995959627658114,
        "f1-score": 0.9992862913029498,
        "support": 254927.0
      },
      "3": {
        "precision": 0.9999226794159719,
        "recall": 0.9998711390023581,
        "f1-score": 0.999896908544993,
        "support": 77603.0
      },
      "4": {
        "precision": 0.9508100147275405,
        "recall": 0.9219149971440056,
        "f1-score": 0.936139589587708,
        "support": 94538.0
      },
      "5": {
        "precision": 0.9091951589569881,
        "recall": 0.9087783028849545,
        "f1-score": 0.9089866831290238,
        "support": 56708.0
      },
      "6": {
        "precision": 0.5593184238551651,
        "recall": 0.7926350739511017,
        "f1-score": 0.6558441558441559,
        "support": 6626.0
      },
      "accuracy": 0.9901881483863056,
      "macro avg": {
        "precision": 0.8691214714566866,
        "recall": 0.9088899270119049,
        "f1-score": 0.8858181021803289,
        "support": 1573811.0
      },
      "weighted avg": {
        "precision": 0.9909528656859561,
        "recall": 0.9901881483863056,
        "f1-score": 0.9904680051732361,
        "support": 1573811.0
      }
    }
  ]
}