{
  "params": {
    "n_estimators": 393,
    "max_depth": 8,
    "learning_rate": 0.2924745932351122,
    "subsample": 0.8109733846819935,
    "colsample_bytree": 0.7932477902324664,
    "colsample_bylevel": 0.6956020359898343,
    "min_child_weight": 1,
    "gamma": 1.3447838169232182,
    "reg_alpha": 2.0617849746528263,
    "reg_lambda": 0.6747444762333985,
    "objective": "multi:softprob",
    "num_class": 7,
    "eval_metric": "mlogloss",
    "device": "cuda",
    "tree_method": "hist",
    "random_state": 42
  },
  "score": 0.8959615258270452,
  "reports": [
    {
      "0": {
        "precision": 0.7582108226462309,
        "recall": 0.6999711233034941,
        "f1-score": 0.7279279279279279,
        "support": 3463.0
      },
      "1": {
        "precision": 0.9999564528532646,
        "recall": 0.999350892268488,
        "f1-score": 0.99965358085321,
        "support": 1079944.0
      },
      "2": {
        "precision": 0.998163218949001,
        "recall": 0.9997724838875442,
        "f1-score": 0.998967203315924,
        "support": 254927.0
      },
      "3": {
        "precision": 0.9998840265965672,
        "recall": 0.9998840265965672,
        "f1-score": 0.9998840265965672,
        "support": 77604.0
      },
      "4": {
        "precision": 0.9416987841492238,
        "recall": 0.9356026148215533,
        "f1-score": 0.938640801426267,
        "support": 94538.0
      },
      "5": {
        "precision": 0.9034888196801624,
        "recall": 0.910578567775838,
        "f1-score": 0.9070198396318383,
        "support": 56709.0
      },
      "6": {
        "precision": 0.6685839496028485,
        "recall": 0.7367944461213402,
        "f1-score": 0.7010338885697874,
        "support": 6626.0
      },
      "accuracy": 0.9906532614144901,
      "macro avg": {
        "precision": 0.8957122963538998,
        "recall": 0.8974220221106892,
        "f1-score": 0.896161038331646,
        "support": 1573811.0
      },
      "weighted avg": {
        "precision": 0.9907598275124601,
        "recall": 0.9906532614144901,
        "f1-score": 0.990695754503974,
        "support": 1573811.0
      }
    },
    {
      "0": {
        "precision": 0.7623550945698597,
        "recall": 0.7214203233256351,
        "f1-score": 0.7413230495401958,
        "support": 3464.0
      },
      "1": {
        "precision": 0.9999768373752114,
        "recall": 0.9994036727830332,
        "f1-score": 0.9996901729242628,
        "support": 1079944.0
      },
      "2": {
        "precision": 0.9981125573672917,
        "recall": 0.9998548604110197,
        "f1-score": 0.9989829492121286,
        "support": 254927.0
      },
      "3": {
        "precision": 0.9998969072164948,
        "recall": 0.999845368795423,
        "f1-score": 0.9998711373418211,
        "support": 77604.0
      },
      "4": {
        "precision": 0.9446687298544703,
        "recall": 0.9331274196619349,
        "f1-score": 0.9388626071593914,
        "support": 94538.0
      },
      "5": {
        "precision": 0.902313669465835,
        "recall": 0.9132926571206884,
        "f1-score": 0.9077699682751126,
        "support": 56708.0
      },
      "6": {
        "precision": 0.6571428571428571,
        "recall": 0.7393600965891941,
        "f1-score": 0.6958312619842341,
        "support": 6626.0
      },
      "accuracy": 0.9907079058412986,
      "macro avg": {
        "precision": 0.8949238075702887,
        "recall": 0.900900628383847,
        "f1-score": 0.8974758780624496,
        "support": 1573811.0
      },
      "weighted avg": {
        "precision": 0.9908631644663842,
        "recall": 0.9907079058412986,
        "f1-score": 0.9907705967531614,
        "support": 1573811.0
      }
    },
    {
      "0": {
        "precision": 0.7693992490613266,
        "recall": 0.7098729792147807,
        "f1-score": 0.7384384384384385,
        "support": 3464.0
      },
      "1": {
        "precision": 0.999914771806143,
        "recall": 0.9994610836662978,
        "f1-score": 0.9996878762619246,
        "support": 1079945.0
      },
      "2": {
        "precision": 0.9987771227894142,
        "recall": 0.9995959627658114,
        "f1-score": 0.9991863750164195,
        "support": 254927.0
      },
      "3": {
        "precision": 0.9998840251021224,
        "recall": 0.9998840251021224,
        "f1-score": 0.9998840251021224,
        "support": 77603.0
      },
      "4": {
        "precision": 0.9409471941908271,
        "recall": 0.9320590661956039,
        "f1-score": 0.9364820414171312,
        "support": 94538.0
      },
      "5": {
        "precision": 0.9009141022957226,
        "recall": 0.9107004302743881,
        "f1-score": 0.9057808334502596,
        "support": 56708.0
      },
      "6": {
        "precision": 0.6563338701019861,
        "recall": 0.7381527316631452,
        "f1-score": 0.6948430174740731,
        "support": 6626.0
      },
      "accuracy": 0.9905191919487155,
      "macro avg": {
        "precision": 0.8951671907639345,
        "recall": 0.8985323255545928,
        "f1-score": 0.8963289438800528,
        "support": 1573811.0
      },
      "weighted avg": {
        "precision": 0.9906657049664569,
        "recall": 0.9905191919487155,
        "f1-score": 0.9905774250356738,
        "support": 1573811.0
      }
    }
  ]
}