{
  "params": {
    "n_estimators": 471,
    "max_depth": 13,
    "learning_rate": 0.0961651093356162,
    "subsample": 0.6921270711280433,
    "colsample_bytree": 0.8419790547392756,
    "colsample_bylevel": 0.5359080346717195,
    "min_child_weight": 14,
    "gamma": 0.3273026171187223,
    "reg_alpha": 1.1403753277905035,
    "reg_lambda": 1.5443155787036298,
    "objective": "multi:softprob",
    "num_class": 7,
    "eval_metric": "mlogloss",
    "device": "cuda",
    "tree_method": "hist",
    "random_state": 42
  },
  "score": 0.9122282572356131,
  "reports": [
    {
      "0": {
        "precision": 0.83298392732355,
        "recall": 0.6884204447011262,
        "f1-score": 0.7538339920948617,
        "support": 3463.0
      },
      "1": {
        "precision": 0.9999221870623022,
        "recall": 0.999522197447275,
        "f1-score": 0.9997221522457508,
        "support": 1079944.0
      },
      "2": {
        "precision": 0.998722385298809,
        "recall": 0.9996469577565342,
        "f1-score": 0.9991844576447294,
        "support": 254927.0
      },
      "3": {
        "precision": 0.9998582638611502,
        "recall": 0.9999226843977115,
        "f1-score": 0.9998904730918158,
        "support": 77604.0
      },
      "4": {
        "precision": 0.9361699903842133,
        "recall": 0.9474391250079334,
        "f1-score": 0.9417708475716824,
        "support": 94538.0
      },
      "5": {
        "precision": 0.9101032526341756,
        "recall": 0.9108254421696732,
        "f1-score": 0.9104642041899121,
        "support": 56709.0
      },
      "6": {
        "precision": 0.7509222133119486,
        "recall": 0.7066103229701177,
        "f1-score": 0.7280926833061193,
        "support": 6626.0
      },
      "accuracy": 0.991319796341492,
      "macro avg": {
        "precision": 0.9183831742680212,
        "recall": 0.8931981677786245,
        "f1-score": 0.9047084014492673,
        "support": 1573811.0
      },
      "weighted avg": {
        "precision": 0.9912430313683548,
        "recall": 0.991319796341492,
        "f1-score": 0.9912613729793784,
        "support": 1573811.0
      }
    },
    {
      "0": {
        "precision": 0.836200963523744,
        "recall": 0.7015011547344111,
        "f1-score": 0.7629513343799058,
        "support": 3464.0
      },
      "1": {
        "precision": 0.9999768385125507,
        "recall": 0.9994527494018208,
        "f1-score": 0.9997147252702469,
        "support": 1079944.0
      },
      "2": {
        "precision": 0.9982650243797364,
        "recall": 0.9998627057942078,
        "f1-score": 0.9990632263425456,
        "support": 254927.0
      },
      "3": {
        "precision": 0.9999484529439813,
        "recall": 0.9998840265965672,
        "f1-score": 0.9999162387324987,
        "support": 77604.0
      },
      "4": {
        "precision": 0.9381585022877051,
        "recall": 0.9456409063022276,
        "f1-score": 0.9418848443344044,
        "support": 94538.0
      },
      "5": {
        "precision": 0.9075463758459866,
        "recall": 0.9127636312336884,
        "f1-score": 0.9101475268590319,
        "support": 56708.0
      },
      "6": {
        "precision": 0.7450135631083453,
        "recall": 0.7046483549652882,
        "f1-score": 0.7242689831691616,
        "support": 6626.0
      },
      "accuracy": 0.991287390925594,
      "macro avg": {
        "precision": 0.917872817228864,
        "recall": 0.8948219327183159,
        "f1-score": 0.9054209827268279,
        "support": 1573811.0
      },
      "weighted avg": {
        "precision": 0.9912203707309627,
        "recall": 0.991287390925594,
        "f1-score": 0.9912372166869168,
        "support": 1573811.0
      }
    },
    {
      "0": {
        "precision": 0.8508306822198657,
        "recall": 0.6948614318706697,
        "f1-score": 0.7649769585253456,
        "support": 3464.0
      },
      "1": {
        "precision": 0.9999110740586356,
        "recall": 0.9995453472167564,
        "f1-score": 0.9997281771895744,
        "support": 1079945.0
      },
      "2": {
        "precision": 0.9989768276954318,
        "recall": 0.9996116535321876,
        "f1-score": 0.9992941397916928,
        "support": 254927.0
      },
      "3": {
        "precision": 0.9999097961392748,
        "recall": 0.9998969112018865,
        "f1-score": 0.9999033536290712,
        "support": 77603.0
      },
      "4": {
        "precision": 0.9357634890391742,
        "recall": 0.9455033954600267,
        "f1-score": 0.940608228980322,
        "support": 94538.0
      },
      "5": {
        "precision": 0.9091851982069087,
        "recall": 0.9120229949918883,
        "f1-score": 0.9106018856795753,
        "support": 56708.0
      },
      "6": {
        "precision": 0.7480265235238396,
        "recall": 0.71506187745246,
        "f1-score": 0.7311728395061728,
        "support": 6626.0
      },
      "accuracy": 0.9913051821343224,
      "macro avg": {
        "precision": 0.920371941554733,
        "recall": 0.895214801675125,
        "f1-score": 0.9066122261859649,
        "support": 1573811.0
      },
      "weighted avg": {
        "precision": 0.9912487043950918,
        "recall": 0.9913051821343224,
        "f1-score": 0.9912564261812299,
        "support": 1573811.0
      }
    }
  ]
}