{
  "params": {
    "n_estimators": 428,
    "max_depth": 8,
    "learning_rate": 0.2890592625760485,
    "subsample": 0.8303295514492696,
    "colsample_bytree": 0.7867583343732538,
    "colsample_bylevel": 0.6754757504586149,
    "min_child_weight": 5,
    "gamma": 1.4526154200779366,
    "reg_alpha": 2.1100427140004476,
    "reg_lambda": 0.7065631676952697,
    "objective": "multi:softprob",
    "num_class": 7,
    "eval_metric": "mlogloss",
    "device": "cuda",
    "tree_method": "hist",
    "random_state": 42
  },
  "score": 0.8946721911955245,
  "reports": [
    {
      "0": {
        "precision": 0.7448107448107448,
        "recall": 0.7045913947444412,
        "f1-score": 0.72414304792996,
        "support": 3463.0
      },
      "1": {
        "precision": 0.9999388555991595,
        "recall": 0.9994462675842452,
        "f1-score": 0.999692500912309,
        "support": 1079944.0
      },
      "2": {
        "precision": 0.9986089505217415,
        "recall": 0.9996901073640689,
        "f1-score": 0.9991492364691353,
        "support": 254927.0
      },
      "3": {
        "precision": 0.9998196155233727,
        "recall": 0.9999226843977115,
        "f1-score": 0.9998711473044016,
        "support": 77604.0
      },
      "4": {
        "precision": 0.9416924224661622,
        "recall": 0.9346400389261461,
        "f1-score": 0.9381529771511085,
        "support": 94538.0
      },
      "5": {
        "precision": 0.9032681569135436,
        "recall": 0.9099261140207022,
        "f1-score": 0.9065849116272532,
        "support": 56709.0
      },
      "6": {
        "precision": 0.6635831859610938,
        "recall": 0.7361907636583157,
        "f1-score": 0.6980038634900193,
        "support": 6626.0
      },
      "accuracy": 0.9906335640048265,
      "macro avg": {
        "precision": 0.8931031331136882,
        "recall": 0.8977724815279472,
        "f1-score": 0.8950853835548838,
        "support": 1573811.0
      },
      "weighted avg": {
        "precision": 0.9907579034514845,
        "recall": 0.9906335640048265,
        "f1-score": 0.990685251918984,
        "support": 1573811.0
      }
    },
    {
      "0": {
        "precision": 0.7570776255707763,
        "recall": 0.7179561200923787,
        "f1-score": 0.7369980737887094,
        "support": 3464.0
      },
      "1": {
        "precision": 0.9999731308324624,
        "recall": 0.9993805234345484,
        "f1-score": 0.999676739309241,
        "support": 1079944.0
      },
      "2": {
        "precision": 0.9980695207477572,
        "recall": 0.9998313242614553,
        "f1-score": 0.9989496457013859,
        "support": 254927.0
      },
      "3": {
        "precision": 0.9999484529439813,
        "recall": 0.9998840265965672,
        "f1-score": 0.9999162387324987,
        "support": 77604.0
      },
      "4": {
        "precision": 0.9443509937322547,
        "recall": 0.9323340878800059,
        "f1-score": 0.9383040671091641,
        "support": 94538.0
      },
      "5": {
        "precision": 0.9005275712569428,
        "recall": 0.9120406291881216,
        "f1-score": 0.906247535942387,
        "support": 56708.0
      },
      "6": {
        "precision": 0.6525809039850228,
        "recall": 0.7364926048898279,
        "f1-score": 0.6920022688598979,
        "support": 6626.0
      },
      "accuracy": 0.9905776487773945,
      "macro avg": {
        "precision": 0.8932183141527423,
        "recall": 0.8997027594775578,
        "f1-score": 0.8960135099204692,
        "support": 1573811.0
      },
      "weighted avg": {
        "precision": 0.9907419257984226,
        "recall": 0.9905776487773945,
        "f1-score": 0.9906441600691249,
        "support": 1573811.0
      }
    },
    {
      "0": {
        "precision": 0.7666769136181986,
        "recall": 0.7199769053117783,
        "f1-score": 0.7425934196814054,
        "support": 3464.0
      },
      "1": {
        "precision": 0.9999129205520466,
        "recall": 0.9994768252086912,
        "f1-score": 0.9996948253210701,
        "support": 1079945.0
      },
      "2": {
        "precision": 0.9988906485198193,
        "recall": 0.9995841946910292,
        "f1-score": 0.9992373012620801,
        "support": 254927.0
      },
      "3": {
        "precision": 0.9998196039017099,
        "recall": 0.9998711390023581,
        "f1-score": 0.9998453707879646,
        "support": 77603.0
      },
      "4": {
        "precision": 0.9411406405283237,
        "recall": 0.9315936448835389,
        "f1-score": 0.9363428079333607,
        "support": 94538.0
      },
      "5": {
        "precision": 0.9017238066961245,
        "recall": 0.9104535515271214,
        "f1-score": 0.9060676523494056,
        "support": 56708.0
      },
      "6": {
        "precision": 0.6502587236300915,
        "recall": 0.7396619378207063,
        "f1-score": 0.6920850102379439,
        "support": 6626.0
      },
      "accuracy": 0.9905191919487155,
      "macro avg": {
        "precision": 0.8940604653494735,
        "recall": 0.9000883140636032,
        "f1-score": 0.8965523410818902,
        "support": 1573811.0
      },
      "weighted avg": {
        "precision": 0.9906888735040694,
        "recall": 0.9905191919487155,
        "f1-score": 0.9905880411491005,
        "support": 1573811.0
      }
    }
  ]
}