{
  "params": {
    "n_estimators": 469,
    "max_depth": 13,
    "learning_rate": 0.2157664597276889,
    "subsample": 0.7640644673307937,
    "colsample_bytree": 0.8540596837622347,
    "colsample_bylevel": 0.6233723337970202,
    "min_child_weight": 12,
    "gamma": 0.9224275568672526,
    "reg_alpha": 1.5971079354620188,
    "reg_lambda": 1.94282531149003,
    "objective": "multi:softprob",
    "num_class": 7,
    "eval_metric": "mlogloss",
    "device": "cuda",
    "tree_method": "hist",
    "random_state": 42
  },
  "score": 0.9082728457024055,
  "reports": [
    {
      "0": {
        "precision": 0.8106549032914828,
        "recall": 0.6898642795264222,
        "f1-score": 0.7453978159126365,
        "support": 3463.0
      },
      "1": {
        "precision": 0.9999277406444979,
        "recall": 0.9994657130369723,
        "f1-score": 0.9996966734571677,
        "support": 1079944.0
      },
      "2": {
        "precision": 0.9985776196484408,
        "recall": 0.9996704939060986,
        "f1-score": 0.9991237579219537,
        "support": 254927.0
      },
      "3": {
        "precision": 0.9998067284276714,
        "recall": 0.9998969125302819,
        "f1-score": 0.9998518184453822,
        "support": 77604.0
      },
      "4": {
        "precision": 0.9361777964147185,
        "recall": 0.9446148638642662,
        "f1-score": 0.9403774061749716,
        "support": 94538.0
      },
      "5": {
        "precision": 0.9076121399901416,
        "recall": 0.9091325891833748,
        "f1-score": 0.9083717283482949,
        "support": 56709.0
      },
      "6": {
        "precision": 0.7365792759051186,
        "recall": 0.71234530636885,
        "f1-score": 0.7242596286634955,
        "support": 6626.0
      },
      "accuracy": 0.9910802504239709,
      "macro avg": {
        "precision": 0.9127623149031532,
        "recall": 0.8935700226308951,
        "f1-score": 0.9024398327034147,
        "support": 1573811.0
      },
      "weighted avg": {
        "precision": 0.9910220399501605,
        "recall": 0.9910802504239709,
        "f1-score": 0.9910383493178885,
        "support": 1573811.0
      }
    },
    {
      "0": {
        "precision": 0.8153228504516561,
        "recall": 0.7035219399538106,
        "f1-score": 0.7553076088640942,
        "support": 3464.0
      },
      "1": {
        "precision": 0.9999759112273137,
        "recall": 0.999417562392124,
        "f1-score": 0.9996966588477204,
        "support": 1079944.0
      },
      "2": {
        "precision": 0.9981633484233775,
        "recall": 0.9998430923362375,
        "f1-score": 0.9990025142910894,
        "support": 254927.0
      },
      "3": {
        "precision": 0.99996133821331,
        "recall": 0.9998582547291377,
        "f1-score": 0.999909793814433,
        "support": 77604.0
      },
      "4": {
        "precision": 0.937774739720265,
        "recall": 0.9432503331993484,
        "f1-score": 0.9405045668361213,
        "support": 94538.0
      },
      "5": {
        "precision": 0.9069163860830527,
        "recall": 0.9119700924031883,
        "f1-score": 0.9094362184785285,
        "support": 56708.0
      },
      "6": {
        "precision": 0.7298519095869057,
        "recall": 0.7066103229701177,
        "f1-score": 0.7180430948546891,
        "support": 6626.0
      },
      "accuracy": 0.9910993124333227,
      "macro avg": {
        "precision": 0.9125666405294115,
        "recall": 0.8949245139977091,
        "f1-score": 0.903128636569525,
        "support": 1573811.0
      },
      "weighted avg": {
        "precision": 0.9910483615639117,
        "recall": 0.9910993124333227,
        "f1-score": 0.991063088937076,
        "support": 1573811.0
      }
    },
    {
      "0": {
        "precision": 0.8295765027322405,
        "recall": 0.7012124711316398,
        "f1-score": 0.7600125156445557,
        "support": 3464.0
      },
      "1": {
        "precision": 0.999919405863733,
        "recall": 0.9994916407780026,
        "f1-score": 0.9997054775616506,
        "support": 1079945.0
      },
      "2": {
        "precision": 0.9989181137548508,
        "recall": 0.999635189681752,
        "f1-score": 0.9992765230757769,
        "support": 254927.0
      },
      "3": {
        "precision": 0.9998324914957221,
        "recall": 0.9998969112018865,
        "f1-score": 0.9998647003111892,
        "support": 77603.0
      },
      "4": {
        "precision": 0.9358412888454792,
        "recall": 0.9425627789883433,
        "f1-score": 0.9391900081684277,
        "support": 94538.0
      },
      "5": {
        "precision": 0.9063278263004665,
        "recall": 0.9112823587500881,
        "f1-score": 0.908798339869511,
        "support": 56708.0
      },
      "6": {
        "precision": 0.7319683573755235,
        "recall": 0.7121943857530939,
        "f1-score": 0.7219459955633749,
        "support": 6626.0
      },
      "accuracy": 0.9910707194192949,
      "macro avg": {
        "precision": 0.9146262837668593,
        "recall": 0.8951822480406867,
        "f1-score": 0.9041133657420695,
        "support": 1573811.0
      },
      "weighted avg": {
        "precision": 0.9910284265826009,
        "recall": 0.9910707194192949,
        "f1-score": 0.9910361392009885,
        "support": 1573811.0
      }
    }
  ]
}