{
  "params": {
    "n_estimators": 785,
    "max_depth": 14,
    "learning_rate": 0.09061809345832007,
    "subsample": 0.6793520595674486,
    "colsample_bytree": 0.9018397220701198,
    "colsample_bylevel": 0.5401937026847022,
    "min_child_weight": 17,
    "gamma": 0.2165808134044987,
    "reg_alpha": 0.6363166877636537,
    "reg_lambda": 1.5101090843940579,
    "objective": "multi:softprob",
    "num_class": 7,
    "eval_metric": "mlogloss",
    "device": "cuda",
    "tree_method": "hist",
    "random_state": 42
  },
  "score": 0.9164510488777301,
  "reports": [
    {
      "0": {
        "precision": 0.8492516037063436,
        "recall": 0.688131677736067,
        "f1-score": 0.7602488435157122,
        "support": 3463.0
      },
      "1": {
        "precision": 0.9999258960785131,
        "recall": 0.9995749779618203,
        "f1-score": 0.9997504062266006,
        "support": 1079944.0
      },
      "2": {
        "precision": 0.9988242072217193,
        "recall": 0.9996861846724748,
        "f1-score": 0.9992550100573643,
        "support": 254927.0
      },
      "3": {
        "precision": 0.9998969138586431,
        "recall": 0.9999097984639967,
        "f1-score": 0.9999033561198126,
        "support": 77604.0
      },
      "4": {
        "precision": 0.9342964863264819,
        "recall": 0.9515221392455944,
        "f1-score": 0.9428306405546617,
        "support": 94538.0
      },
      "5": {
        "precision": 0.913545485133436,
        "recall": 0.909679239626867,
        "f1-score": 0.9116082630899999,
        "support": 56709.0
      },
      "6": {
        "precision": 0.7809026608285619,
        "recall": 0.6998188952610926,
        "f1-score": 0.7381407195160777,
        "support": 6626.0
      },
      "accuracy": 0.9915364678477911,
      "macro avg": {
        "precision": 0.9252347504505283,
        "recall": 0.8926175589954163,
        "f1-score": 0.9073910341543183,
        "support": 1573811.0
      },
      "weighted avg": {
        "precision": 0.9914374865642454,
        "recall": 0.9915364678477911,
        "f1-score": 0.9914541281895548,
        "support": 1573811.0
      }
    },
    {
      "0": {
        "precision": 0.8568885724457103,
        "recall": 0.6948614318706697,
        "f1-score": 0.7674159094532121,
        "support": 3464.0
      },
      "1": {
        "precision": 0.9999731334710629,
        "recall": 0.9994786766721238,
        "f1-score": 0.999725843932954,
        "support": 1079944.0
      },
      "2": {
        "precision": 0.998331466351238,
        "recall": 0.9998470150278315,
        "f1-score": 0.9990886659441323,
        "support": 254927.0
      },
      "3": {
        "precision": 0.9999742258076988,
        "recall": 0.9998840265965672,
        "f1-score": 0.9999291241680144,
        "support": 77604.0
      },
      "4": {
        "precision": 0.9351610820716799,
        "recall": 0.9499989422242907,
        "f1-score": 0.9425216186718159,
        "support": 94538.0
      },
      "5": {
        "precision": 0.9112313413108225,
        "recall": 0.9117937504408549,
        "f1-score": 0.911512459123322,
        "support": 56708.0
      },
      "6": {
        "precision": 0.7742372881355932,
        "recall": 0.6894053727739209,
        "f1-score": 0.7293629251157592,
        "support": 6626.0
      },
      "accuracy": 0.991450688805708,
      "macro avg": {
        "precision": 0.9251138727991151,
        "recall": 0.8921813165151796,
        "f1-score": 0.9070795066298871,
        "support": 1573811.0
      },
      "weighted avg": {
        "precision": 0.9913511563723097,
        "recall": 0.991450688805708,
        "f1-score": 0.9913683076719688,
        "support": 1573811.0
      }
    },
    {
      "0": {
        "precision": 0.8684782608695653,
        "recall": 0.6919745958429562,
        "f1-score": 0.7702442159383034,
        "support": 3464.0
      },
      "1": {
        "precision": 0.9999166337061042,
        "recall": 0.9995722004361334,
        "f1-score": 0.9997443874049672,
        "support": 1079945.0
      },
      "2": {
        "precision": 0.9989964404998981,
        "recall": 0.9996430350649401,
        "f1-score": 0.9993196331901361,
        "support": 254927.0
      },
      "3": {
        "precision": 0.9999226814087447,
        "recall": 0.9998969112018865,
        "f1-score": 0.9999097961392748,
        "support": 77603.0
      },
      "4": {
        "precision": 0.9334720849159686,
        "recall": 0.9488459667012207,
        "f1-score": 0.9410962425183468,
        "support": 94538.0
      },
      "5": {
        "precision": 0.9109813743473967,
        "recall": 0.9107886012555547,
        "f1-score": 0.910884977602201,
        "support": 56708.0
      },
      "6": {
        "precision": 0.7714381047714381,
        "recall": 0.6978569272562632,
        "f1-score": 0.7328050713153724,
        "support": 6626.0
      },
      "accuracy": 0.991406210783887,
      "macro avg": {
        "precision": 0.9261722257884452,
        "recall": 0.892654033965565,
        "f1-score": 0.907714903444086,
        "support": 1573811.0
      },
      "weighted avg": {
        "precision": 0.9913208178990771,
        "recall": 0.991406210783887,
        "f1-score": 0.9913299772003921,
        "support": 1573811.0
      }
    }
  ]
}