{
  "params": {
    "n_estimators": 244,
    "max_depth": 12,
    "learning_rate": 0.08586476316565582,
    "subsample": 0.997306834606099,
    "colsample_bytree": 0.6678012020909342,
    "colsample_bylevel": 0.7439006826864072,
    "min_child_weight": 3,
    "gamma": 4.364547197149405,
    "reg_alpha": 0.21983144200152416,
    "reg_lambda": 1.4135405567911616,
    "objective": "multi:softprob",
    "num_class": 7,
    "eval_metric": "mlogloss",
    "device": "cuda",
    "tree_method": "hist",
    "random_state": 42
  },
  "score": 0.8561392419432682,
  "reports": [
    {
      "0": {
        "precision": 0.5306370070778564,
        "recall": 0.7577245163153336,
        "f1-score": 0.6241674595623216,
        "support": 3463.0
      },
      "1": {
        "precision": 0.9999666434406179,
        "recall": 0.9993221870763669,
        "f1-score": 0.9996443113905572,
        "support": 1079944.0
      },
      "2": {
        "precision": 0.9981945358273021,
        "recall": 0.9997960200371087,
        "f1-score": 0.9989946360994232,
        "support": 254927.0
      },
      "3": {
        "precision": 0.9997680860658378,
        "recall": 0.9999097984639967,
        "f1-score": 0.9998389372435076,
        "support": 77604.0
      },
      "4": {
        "precision": 0.953973232033217,
        "recall": 0.913791279697053,
        "f1-score": 0.9334500307951635,
        "support": 94538.0
      },
      "5": {
        "precision": 0.9193630388204961,
        "recall": 0.8928565130755259,
        "f1-score": 0.9059159263931009,
        "support": 56709.0
      },
      "6": {
        "precision": 0.4911660777385159,
        "recall": 0.8181406580138847,
        "f1-score": 0.6138255109551038,
        "support": 6626.0
      },
      "accuracy": 0.989159435281619,
      "macro avg": {
        "precision": 0.8418669458576918,
        "recall": 0.9116487103827529,
        "f1-score": 0.8679766874913112,
        "support": 1573811.0
      },
      "weighted avg": {
        "precision": 0.990827780549741,
        "recall": 0.989159435281619,
        "f1-score": 0.9897445549257943,
        "support": 1573811.0
      }
    },
    {
      "0": {
        "precision": 0.5415587004185768,
        "recall": 0.7843533487297921,
        "f1-score": 0.6407263294422828,
        "support": 3464.0
      },
      "1": {
        "precision": 0.999971278983906,
        "recall": 0.9994203403139422,
        "f1-score": 0.9996957337424796,
        "support": 1079944.0
      },
      "2": {
        "precision": 0.9983157334001818,
        "recall": 0.9997920973455146,
        "f1-score": 0.9990533699442018,
        "support": 254927.0
      },
      "3": {
        "precision": 0.9999484516153975,
        "recall": 0.9998582547291377,
        "f1-score": 0.9999033511382014,
        "support": 77604.0
      },
      "4": {
        "precision": 0.9575634879142149,
        "recall": 0.9105756415409677,
        "f1-score": 0.933478640402956,
        "support": 94538.0
      },
      "5": {
        "precision": 0.9142236504317541,
        "recall": 0.8980214431826198,
        "f1-score": 0.9060501196502122,
        "support": 56708.0
      },
      "6": {
        "precision": 0.4973496618534089,
        "recall": 0.8213099909447631,
        "f1-score": 0.619535519125683,
        "support": 6626.0
      },
      "accuracy": 0.9892884215448996,
      "macro avg": {
        "precision": 0.8441329949453487,
        "recall": 0.9161901595409624,
        "f1-score": 0.8712061519208596,
        "support": 1573811.0
      },
      "weighted avg": {
        "precision": 0.9909397936000404,
        "recall": 0.9892884215448996,
        "f1-score": 0.9898593921561968,
        "support": 1573811.0
      }
    },
    {
      "0": {
        "precision": 0.5362983645791783,
        "recall": 0.776270207852194,
        "f1-score": 0.634347723519698,
        "support": 3464.0
      },
      "1": {
        "precision": 0.9999564530146559,
        "recall": 0.9993536707887901,
        "f1-score": 0.9996549710337762,
        "support": 1079945.0
      },
      "2": {
        "precision": 0.9984759860057121,
        "recall": 0.9997293342800095,
        "f1-score": 0.9991022670696664,
        "support": 254927.0
      },
      "3": {
        "precision": 0.999793846312426,
        "recall": 0.9999097973016507,
        "f1-score": 0.9998518184453822,
        "support": 77603.0
      },
      "4": {
        "precision": 0.9548377780986549,
        "recall": 0.9093168884469737,
        "f1-score": 0.931521544788128,
        "support": 94538.0
      },
      "5": {
        "precision": 0.9157070888808924,
        "recall": 0.8974924172956197,
        "f1-score": 0.90650826446281,
        "support": 56708.0
      },
      "6": {
        "precision": 0.49143478654944256,
        "recall": 0.8182915786296409,
        "f1-score": 0.6140778073503596,
        "support": 6626.0
      },
      "accuracy": 0.9891098740573042,
      "macro avg": {
        "precision": 0.8423577576344231,
        "recall": 0.9143376992278398,
        "f1-score": 0.8692949138099744,
        "support": 1573811.0
      },
      "weighted avg": {
        "precision": 0.9908011934619221,
        "recall": 0.9891098740573042,
        "f1-score": 0.9896987290883531,
        "support": 1573811.0
      }
    }
  ]
}