{
  "params": {
    "n_estimators": 547,
    "max_depth": 9,
    "learning_rate": 0.20414426805438418,
    "subsample": 0.9141551468344988,
    "colsample_bytree": 0.5992960362408388,
    "colsample_bylevel": 0.6573564932666169,
    "min_child_weight": 7,
    "gamma": 2.7505556545081693,
    "reg_alpha": 2.169410771634621,
    "reg_lambda": 1.2772357953320408,
    "objective": "multi:softprob",
    "num_class": 7,
    "eval_metric": "mlogloss",
    "device": "cuda",
    "tree_method": "hist",
    "random_state": 42
  },
  "score": 0.8794159863384178,
  "reports": [
    {
      "0": {
        "precision": 0.6847466960352423,
        "recall": 0.7181634421022235,
        "f1-score": 0.7010570824524313,
        "support": 3463.0
      },
      "1": {
        "precision": 0.9999434835096925,
        "recall": 0.9993758935648515,
        "f1-score": 0.9996596079702678,
        "support": 1079944.0
      },
      "2": {
        "precision": 0.9985385272429492,
        "recall": 0.999694030055663,
        "f1-score": 0.9991159445573744,
        "support": 254927.0
      },
      "3": {
        "precision": 0.9997165678948725,
        "recall": 0.9999226843977115,
        "f1-score": 0.9998196155233727,
        "support": 77604.0
      },
      "4": {
        "precision": 0.9478178779921439,
        "recall": 0.9239565042628362,
        "f1-score": 0.9357350987701932,
        "support": 94538.0
      },
      "5": {
        "precision": 0.9041873045983068,
        "recall": 0.9077747800172812,
        "f1-score": 0.9059774909145306,
        "support": 56709.0
      },
      "6": {
        "precision": 0.5785281579537805,
        "recall": 0.778297615454271,
        "f1-score": 0.6637065637065637,
        "support": 6626.0
      },
      "accuracy": 0.9900737763301947,
      "macro avg": {
        "precision": 0.8733540878895696,
        "recall": 0.9038835642649767,
        "f1-score": 0.8864387719849619,
        "support": 1573811.0
      },
      "weighted avg": {
        "precision": 0.9906554032306465,
        "recall": 0.9900737763301947,
        "f1-score": 0.9902924240449185,
        "support": 1573811.0
      }
    },
    {
      "0": {
        "precision": 0.6708431219002872,
        "recall": 0.7419168591224018,
        "f1-score": 0.704592186429061,
        "support": 3464.0
      },
      "1": {
        "precision": 0.9999823959974057,
        "recall": 0.9993860792781848,
        "f1-score": 0.9996841487113082,
        "support": 1079944.0
      },
      "2": {
        "precision": 0.998147705778923,
        "recall": 0.9998391696446434,
        "f1-score": 0.9989927217285992,
        "support": 254927.0
      },
      "3": {
        "precision": 0.99996133821331,
        "recall": 0.9998582547291377,
        "f1-score": 0.999909793814433,
        "support": 77604.0
      },
      "4": {
        "precision": 0.9513621654714011,
        "recall": 0.9205081554507182,
        "f1-score": 0.9356808773721843,
        "support": 94538.0
      },
      "5": {
        "precision": 0.8995958047318722,
        "recall": 0.910541722508288,
        "f1-score": 0.905035668588856,
        "support": 56708.0
      },
      "6": {
        "precision": 0.577639751552795,
        "recall": 0.7719589495925143,
        "f1-score": 0.660810025192171,
        "support": 6626.0
      },
      "accuracy": 0.9900191319033861,
      "macro avg": {
        "precision": 0.8710760405208563,
        "recall": 0.9062870271894126,
        "f1-score": 0.8863864888338018,
        "support": 1573811.0
      },
      "weighted avg": {
        "precision": 0.9906438482174499,
        "recall": 0.9900191319033861,
        "f1-score": 0.9902520134547471,
        "support": 1573811.0
      }
    },
    {
      "0": {
        "precision": 0.6812098501070664,
        "recall": 0.7346997690531177,
        "f1-score": 0.7069444444444445,
        "support": 3464.0
      },
      "1": {
        "precision": 0.999958305807445,
        "recall": 0.9993490409233804,
        "f1-score": 0.9996535805323374,
        "support": 1079945.0
      },
      "2": {
        "precision": 0.9984916807377836,
        "recall": 0.999760715812762,
        "f1-score": 0.9991257953106563,
        "support": 254927.0
      },
      "3": {
        "precision": 0.9998582583820839,
        "recall": 0.9998969112018865,
        "f1-score": 0.9998775844184293,
        "support": 77603.0
      },
      "4": {
        "precision": 0.9485318161009745,
        "recall": 0.9205187332078106,
        "f1-score": 0.9343153464602435,
        "support": 94538.0
      },
      "5": {
        "precision": 0.9024936173189242,
        "recall": 0.9101008676024547,
        "f1-score": 0.9062812790840606,
        "support": 56708.0
      },
      "6": {
        "precision": 0.5752861429047672,
        "recall": 0.7813160277693934,
        "f1-score": 0.662656,
        "support": 6626.0
      },
      "accuracy": 0.9899911742896701,
      "macro avg": {
        "precision": 0.8722613816227207,
        "recall": 0.9065202950815436,
        "f1-score": 0.8869791471785959,
        "support": 1573811.0
      },
      "weighted avg": {
        "precision": 0.9906252577158379,
        "recall": 0.9899911742896701,
        "f1-score": 0.9902268093451444,
        "support": 1573811.0
      }
    }
  ]
}