{
  "params": {
    "n_estimators": 211,
    "max_depth": 4,
    "learning_rate": 0.005316265902518258,
    "subsample": 0.7725101411479117,
    "colsample_bytree": 0.7831581093066211,
    "colsample_bylevel": 0.9273476728481007,
    "min_child_weight": 20,
    "gamma": 0.04996780913642329,
    "reg_alpha": 2.6221883126124115,
    "reg_lambda": 0.39173117606354735,
    "objective": "multi:softprob",
    "num_class": 7,
    "eval_metric": "mlogloss",
    "device": "cuda",
    "tree_method": "hist",
    "random_state": 42
  },
  "score": 0.6982886745676473,
  "reports": [
    {
      "0": {
        "precision": 0.10574794716172796,
        "recall": 0.8553277505053422,
        "f1-score": 0.1882248276300321,
        "support": 3463.0
      },
      "1": {
        "precision": 0.999786188543524,
        "recall": 0.9698910313868127,
        "f1-score": 0.9846117401987972,
        "support": 1079944.0
      },
      "2": {
        "precision": 0.9829723755197947,
        "recall": 0.9977366069502249,
        "f1-score": 0.9902994648450504,
        "support": 254927.0
      },
      "3": {
        "precision": 0.9996364722225829,
        "recall": 0.992152466367713,
        "f1-score": 0.9958804089842007,
        "support": 77604.0
      },
      "4": {
        "precision": 0.7973069112263773,
        "recall": 0.6520023694175887,
        "f1-score": 0.7173706843878567,
        "support": 94538.0
      },
      "5": {
        "precision": 0.8036275649208375,
        "recall": 0.7437972808548907,
        "f1-score": 0.772555771273673,
        "support": 56709.0
      },
      "6": {
        "precision": 0.17084177564929084,
        "recall": 0.8398732266827649,
        "f1-score": 0.2839285714285714,
        "support": 6626.0
      },
      "accuracy": 0.9474574774226384,
      "macro avg": {
        "precision": 0.6942741764634478,
        "recall": 0.8643972474521909,
        "f1-score": 0.7046959241068832,
        "support": 1573811.0
      },
      "weighted avg": {
        "precision": 0.972367077281854,
        "recall": 0.9474574774226384,
        "f1-score": 0.9576923178048701,
        "support": 1573811.0
      }
    },
    {
      "0": {
        "precision": 0.10582520927348514,
        "recall": 0.8868360277136259,
        "f1-score": 0.18908688025113102,
        "support": 3464.0
      },
      "1": {
        "precision": 0.9997899562822644,
        "recall": 0.9696623158237835,
        "f1-score": 0.9844956976889033,
        "support": 1079944.0
      },
      "2": {
        "precision": 0.9818558198095209,
        "recall": 0.9972580385757491,
        "f1-score": 0.9894969962226551,
        "support": 254927.0
      },
      "3": {
        "precision": 0.9994285343204105,
        "recall": 0.9915854852842637,
        "f1-score": 0.9954915620411516,
        "support": 77604.0
      },
      "4": {
        "precision": 0.7921695845755788,
        "recall": 0.6379974190272695,
        "f1-score": 0.7067736133163812,
        "support": 94538.0
      },
      "5": {
        "precision": 0.8203021519206035,
        "recall": 0.7535444734429004,
        "f1-score": 0.7855074861444288,
        "support": 56708.0
      },
      "6": {
        "precision": 0.16221259179005657,
        "recall": 0.8134621189254452,
        "f1-score": 0.2704872785667687,
        "support": 6626.0
      },
      "accuracy": 0.9466632270329792,
      "macro avg": {
        "precision": 0.6945119782817029,
        "recall": 0.8643351255418625,
        "f1-score": 0.7030485020330601,
        "support": 1573811.0
      },
      "weighted avg": {
        "precision": 0.9724341721319273,
        "recall": 0.9466632270329792,
        "f1-score": 0.9572385869221876,
        "support": 1573811.0
      }
    },
    {
      "0": {
        "precision": 0.10205465518410524,
        "recall": 0.8689376443418014,
        "f1-score": 0.18265671460646885,
        "support": 3464.0
      },
      "1": {
        "precision": 0.9997991964031295,
        "recall": 0.9681863428230142,
        "f1-score": 0.9837388621296177,
        "support": 1079945.0
      },
      "2": {
        "precision": 0.9799269580375083,
        "recall": 0.9967480886685208,
        "f1-score": 0.9882659510335842,
        "support": 254927.0
      },
      "3": {
        "precision": 0.9994936840328716,
        "recall": 0.9920750486450266,
        "f1-score": 0.9957705490525771,
        "support": 77603.0
      },
      "4": {
        "precision": 0.7836675468639703,
        "recall": 0.6341259599314562,
        "f1-score": 0.7010103136181857,
        "support": 94538.0
      },
      "5": {
        "precision": 0.8145701704001531,
        "recall": 0.7502468787472667,
        "f1-score": 0.7810864895628706,
        "support": 56708.0
      },
      "6": {
        "precision": 0.1649681719016168,
        "recall": 0.8330817989737398,
        "f1-score": 0.275401002818869,
        "support": 6626.0
      },
      "accuracy": 0.945283772956219,
      "macro avg": {
        "precision": 0.6920686261176222,
        "recall": 0.8633431088758322,
        "f1-score": 0.7011328404031676,
        "support": 1573811.0
      },
      "weighted avg": {
        "precision": 0.9714173400454463,
        "recall": 0.945283772956219,
        "f1-score": 0.9560346299923419,
        "support": 1573811.0
      }
    }
  ]
}