{
  "params": {
    "n_estimators": 746,
    "max_depth": 12,
    "learning_rate": 0.052782190897847664,
    "subsample": 0.6654031283316078,
    "colsample_bytree": 0.9035744250267548,
    "colsample_bylevel": 0.6015936045209445,
    "min_child_weight": 17,
    "gamma": 0.35743813648464595,
    "reg_alpha": 0.5824377826201339,
    "reg_lambda": 1.381968708376597,
    "objective": "multi:softprob",
    "num_class": 7,
    "eval_metric": "mlogloss",
    "device": "cuda",
    "tree_method": "hist",
    "random_state": 42
  },
  "score": 0.9046074632541549,
  "reports": [
    {
      "0": {
        "precision": 0.7891332470892626,
        "recall": 0.7045913947444412,
        "f1-score": 0.7444698703279939,
        "support": 3463.0
      },
      "1": {
        "precision": 0.9999203337091236,
        "recall": 0.9995120117339418,
        "f1-score": 0.9997161310279901,
        "support": 1079944.0
      },
      "2": {
        "precision": 0.9987184561904052,
        "recall": 0.999635189681752,
        "f1-score": 0.999176612662913,
        "support": 254927.0
      },
      "3": {
        "precision": 0.9999097996263128,
        "recall": 0.9999226843977115,
        "f1-score": 0.9999162419705043,
        "support": 77604.0
      },
      "4": {
        "precision": 0.9407519177807557,
        "recall": 0.9430705113287778,
        "f1-score": 0.9419097877015884,
        "support": 94538.0
      },
      "5": {
        "precision": 0.9106403958234289,
        "recall": 0.9119892785977535,
        "f1-score": 0.911314338073338,
        "support": 56709.0
      },
      "6": {
        "precision": 0.7049085100203311,
        "recall": 0.732568668880169,
        "f1-score": 0.7184724689165186,
        "support": 6626.0
      },
      "accuracy": 0.9912352881000324,
      "macro avg": {
        "precision": 0.9062832371770887,
        "recall": 0.898755677052078,
        "f1-score": 0.9021393500972638,
        "support": 1573811.0
      },
      "weighted avg": {
        "precision": 0.9912480393583413,
        "recall": 0.9912352881000324,
        "f1-score": 0.9912351126231864,
        "support": 1573811.0
      }
    },
    {
      "0": {
        "precision": 0.7922782386726228,
        "recall": 0.7168013856812933,
        "f1-score": 0.7526523188845105,
        "support": 3464.0
      },
      "1": {
        "precision": 0.9999703539552456,
        "recall": 0.9994684909587904,
        "f1-score": 0.9997193594727293,
        "support": 1079944.0
      },
      "2": {
        "precision": 0.9983353700570282,
        "recall": 0.9998430923362375,
        "f1-score": 0.9990886623719473,
        "support": 254927.0
      },
      "3": {
        "precision": 0.9999355678406207,
        "recall": 0.9998969125302819,
        "f1-score": 0.9999162398118617,
        "support": 77604.0
      },
      "4": {
        "precision": 0.9429807355887997,
        "recall": 0.9407962935539148,
        "f1-score": 0.9418872480236369,
        "support": 94538.0
      },
      "5": {
        "precision": 0.9072895169470776,
        "recall": 0.9148091979967553,
        "f1-score": 0.9110338408584022,
        "support": 56708.0
      },
      "6": {
        "precision": 0.7028404952658412,
        "recall": 0.7281919710232417,
        "f1-score": 0.7152916759321029,
        "support": 6626.0
      },
      "accuracy": 0.9912111428881867,
      "macro avg": {
        "precision": 0.9062328969038908,
        "recall": 0.8999724777257879,
        "f1-score": 0.9027984779078844,
        "support": 1573811.0
      },
      "weighted avg": {
        "precision": 0.9912328635837448,
        "recall": 0.9912111428881867,
        "f1-score": 0.9912161328340375,
        "support": 1573811.0
      }
    },
    {
      "0": {
        "precision": 0.8029957668511886,
        "recall": 0.7118937644341802,
        "f1-score": 0.7547054322876817,
        "support": 3464.0
      },
      "1": {
        "precision": 0.9999231138341371,
        "recall": 0.9995277537281991,
        "f1-score": 0.9997253946930325,
        "support": 1079945.0
      },
      "2": {
        "precision": 0.9989768557719447,
        "recall": 0.9996391123733461,
        "f1-score": 0.9993078743507646,
        "support": 254927.0
      },
      "3": {
        "precision": 0.9999097949768688,
        "recall": 0.9998840251021224,
        "f1-score": 0.9998969098734569,
        "support": 77603.0
      },
      "4": {
        "precision": 0.9402659782689194,
        "recall": 0.9400770060716326,
        "f1-score": 0.9401714826745373,
        "support": 94538.0
      },
      "5": {
        "precision": 0.9091084455667789,
        "recall": 0.9141743669323552,
        "f1-score": 0.9116343685154574,
        "support": 56708.0
      },
      "6": {
        "precision": 0.698224004583214,
        "recall": 0.7357380018110474,
        "f1-score": 0.7164902998236331,
        "support": 6626.0
      },
      "accuracy": 0.9911730188694831,
      "macro avg": {
        "precision": 0.9070577085504359,
        "recall": 0.9001334329218406,
        "f1-score": 0.9031331088883662,
        "support": 1573811.0
      },
      "weighted avg": {
        "precision": 0.9912097045173155,
        "recall": 0.9911730188694831,
        "f1-score": 0.9911829676474685,
        "support": 1573811.0
      }
    }
  ]
}