{
  "params": {
    "n_estimators": 293,
    "max_depth": 9,
    "learning_rate": 0.07275194708938237,
    "subsample": 0.7640329679465703,
    "colsample_bytree": 0.7167895943625358,
    "colsample_bylevel": 0.7666642033720601,
    "min_child_weight": 6,
    "gamma": 1.329522422536372,
    "reg_alpha": 2.0666059578262113,
    "reg_lambda": 1.0567762315326303,
    "objective": "multi:softprob",
    "num_class": 7,
    "eval_metric": "mlogloss",
    "device": "cuda",
    "tree_method": "hist",
    "random_state": 42
  },
  "score": 0.8281165561442055,
  "reports": [
    {
      "0": {
        "precision": 0.392296918767507,
        "recall": 0.8088362691308114,
        "f1-score": 0.5283410355559747,
        "support": 3463.0
      },
      "1": {
        "precision": 0.9999388541829761,
        "recall": 0.9994231182357604,
        "f1-score": 0.9996809196922566,
        "support": 1079944.0
      },
      "2": {
        "precision": 0.9986558823759925,
        "recall": 0.9996704939060986,
        "f1-score": 0.9991629305663647,
        "support": 254927.0
      },
      "3": {
        "precision": 0.999793846312426,
        "recall": 0.9998969125302819,
        "f1-score": 0.999845376765282,
        "support": 77604.0
      },
      "4": {
        "precision": 0.9660727276926453,
        "recall": 0.8849245805919312,
        "f1-score": 0.9237198774394788,
        "support": 94538.0
      },
      "5": {
        "precision": 0.9305300961430549,
        "recall": 0.877250524608087,
        "f1-score": 0.903105172867633,
        "support": 56709.0
      },
      "6": {
        "precision": 0.40160809593124003,
        "recall": 0.8744340476909146,
        "f1-score": 0.5504203676435663,
        "support": 6626.0
      },
      "accuracy": 0.9872608591501775,
      "macro avg": {
        "precision": 0.8126994887722632,
        "recall": 0.9206337066705551,
        "f1-score": 0.8434679543615079,
        "support": 1573811.0
      },
      "weighted avg": {
        "precision": 0.9913324471258559,
        "recall": 0.9872608591501775,
        "f1-score": 0.9886336869794274,
        "support": 1573811.0
      }
    },
    {
      "0": {
        "precision": 0.3923431984795004,
        "recall": 0.8342956120092379,
        "f1-score": 0.5337026777469991,
        "support": 3464.0
      },
      "1": {
        "precision": 0.9999823963888508,
        "recall": 0.9994083026527302,
        "f1-score": 0.9996952670997764,
        "support": 1079944.0
      },
      "2": {
        "precision": 0.9982571505782735,
        "recall": 0.9998313242614553,
        "f1-score": 0.9990436173215014,
        "support": 254927.0
      },
      "3": {
        "precision": 0.9999484516153975,
        "recall": 0.9998582547291377,
        "f1-score": 0.9999033511382014,
        "support": 77604.0
      },
      "4": {
        "precision": 0.9689225154864428,
        "recall": 0.8818570310351393,
        "f1-score": 0.9233418798212436,
        "support": 94538.0
      },
      "5": {
        "precision": 0.9272192543231018,
        "recall": 0.8784122169711505,
        "f1-score": 0.9021560974726299,
        "support": 56708.0
      },
      "6": {
        "precision": 0.39961189271605796,
        "recall": 0.8702082704497435,
        "f1-score": 0.5477083828069342,
        "support": 6626.0
      },
      "accuracy": 0.9871706323059122,
      "macro avg": {
        "precision": 0.8123264085125178,
        "recall": 0.9234101445869419,
        "f1-score": 0.8436501819153265,
        "support": 1573811.0
      },
      "weighted avg": {
        "precision": 0.9913486059217222,
        "recall": 0.9871706323059122,
        "f1-score": 0.9885703060009501,
        "support": 1573811.0
      }
    },
    {
      "0": {
        "precision": 0.39980367409900436,
        "recall": 0.8230369515011547,
        "f1-score": 0.5381783860311468,
        "support": 3464.0
      },
      "1": {
        "precision": 0.9999305176619471,
        "recall": 0.9994360823930848,
        "f1-score": 0.9996832388915955,
        "support": 1079945.0
      },
      "2": {
        "precision": 0.9988554674944929,
        "recall": 0.999635189681752,
        "f1-score": 0.9992451764816598,
        "support": 254927.0
      },
      "3": {
        "precision": 0.9998453727804552,
        "recall": 0.9998840251021224,
        "f1-score": 0.9998646985677377,
        "support": 77603.0
      },
      "4": {
        "precision": 0.9661540247228831,
        "recall": 0.8804819226131291,
        "f1-score": 0.9213306547569635,
        "support": 94538.0
      },
      "5": {
        "precision": 0.9277404463637549,
        "recall": 0.8789059744656839,
        "f1-score": 0.9026632014561129,
        "support": 56708.0
      },
      "6": {
        "precision": 0.39647997817040725,
        "recall": 0.8771506187745246,
        "f1-score": 0.5461122856471694,
        "support": 6626.0
      },
      "accuracy": 0.987098832070687,
      "macro avg": {
        "precision": 0.8126870687561348,
        "recall": 0.9226472520759216,
        "f1-score": 0.8438682345474836,
        "support": 1573811.0
      },
      "weighted avg": {
        "precision": 0.9912605527641917,
        "recall": 0.987098832070687,
        "f1-score": 0.9884933851232284,
        "support": 1573811.0
      }
    }
  ]
}